timestamp,country_code,country_name,latitude,longitude,climate_zone,cloud_cover_pct,cloud_type,satellite_reflectance,optical_depth,humidity_pct,temperature_c,pressure_hpa,wind_speed_ms,cloud_base_altitude_m
2026-07-01T00:00:00+00:00,BR,Brazil,-14.235,-51.9253,Tropical / Equatorial,45.0,Altocumulus,0.1744,2.421,71.89,12.54,1014.55,0.5,6239.2
2026-07-01T01:00:00+00:00,BR,Brazil,-14.235,-51.9253,Tropical / Equatorial,59.41,Altocumulus,0.446,7.878,63.28,15.23,1009.9,0.5,2218.8
2026-07-01T02:00:00+00:00,BR,Brazil,-14.235,-51.9253,Tropical / Equatorial,61.16,Altocumulus,0.5025,12.327,69.13,15.01,1011.83,0.5,2983.6
2026-07-01T03:00:00+00:00,BR,Brazil,-14.235,-51.9253,Tropical / Equatorial,48.4,Altocumulus,0.2371,4.727,68.23,16.0,1010.98,0.5,8136.1
2026-07-01T04:00:00+00:00,BR,Brazil,-14.235,-51.9253,Tropical / Equatorial,59.95,Altocumulus,0.6233,13.932,62.94,18.38,1011.83,0.5,2500.4
2026-07-01T05:00:00+00:00,BR,Brazil,-14.235,-51.9253,Tropical / Equatorial,72.44,Stratocumulus,0.4787,15.578,58.96,19.65,1008.58,0.5,2085.9
2026-07-01T06:00:00+00:00,BR,Brazil,-14.235,-51.9253,Tropical / Equatorial,54.68,Altocumulus,0.5793,17.053,62.01,19.54,1012.87,0.5,2528.5
2026-07-01T07:00:00+00:00,BR,Brazil,-14.235,-51.9253,Tropical / Equatorial,54.58,Stratocumulus,0.3586,11.657,59.78,21.75,1013.9,0.5,1658.6
2026-07-01T08:00:00+00:00,BR,Brazil,-14.235,-51.9253,Tropical / Equatorial,66.96,Altocumulus,0.6328,12.789,61.82,20.79,1011.58,0.5,1608.5
2026-07-01T09:00:00+00:00,BR,Brazil,-14.235,-51.9253,Tropical / Equatorial,63.34,Altocumulus,0.3586,6.978,57.79,23.57,1013.29,0.5,2590.0
2026-07-01T10:00:00+00:00,BR,Brazil,-14.235,-51.9253,Tropical / Equatorial,59.48,Cumulus,0.5905,17.871,57.75,23.19,1014.49,0.5,1803.7
2026-07-01T11:00:00+00:00,BR,Brazil,-14.235,-51.9253,Tropical / Equatorial,80.84,Cumulus,0.4106,10.497,57.62,23.08,1011.6,0.5,2861.2
2026-07-01T12:00:00+00:00,BR,Brazil,-14.235,-51.9253,Tropical / Equatorial,63.91,Altocumulus,0.5379,7.131,53.23,22.64,1010.13,0.5,1284.7
2026-07-01T13:00:00+00:00,BR,Brazil,-14.235,-51.9253,Tropical / Equatorial,59.68,Altocumulus,0.5367,11.041,53.16,24.17,1013.98,0.5,1977.4
2026-07-01T14:00:00+00:00,BR,Brazil,-14.235,-51.9253,Tropical / Equatorial,75.91,Stratocumulus,0.4148,10.176,55.84,23.72,1010.2,0.5,2311.8
2026-07-01T15:00:00+00:00,BR,Brazil,-14.235,-51.9253,Tropical / Equatorial,70.62,Cumulus,0.4605,16.823,55.62,22.99,1011.25,0.5,1301.5
2026-07-01T16:00:00+00:00,BR,Brazil,-14.235,-51.9253,Tropical / Equatorial,64.55,Altocumulus,0.3947,14.982,55.08,23.38,1011.84,0.5,1310.4
2026-07-01T17:00:00+00:00,BR,Brazil,-14.235,-51.9253,Tropical / Equatorial,67.6,Stratocumulus,0.4713,12.096,52.25,21.38,1010.83,0.5,2143.7
2026-07-01T18:00:00+00:00,BR,Brazil,-14.235,-51.9253,Tropical / Equatorial,61.93,Cumulus,0.3935,17.86,63.38,20.08,1014.09,0.5,1392.6
2026-07-01T19:00:00+00:00,BR,Brazil,-14.235,-51.9253,Tropical / Equatorial,67.74,Altocumulus,0.5435,10.362,63.35,18.05,1007.87,0.5,1737.8
2026-07-01T20:00:00+00:00,BR,Brazil,-14.235,-51.9253,Tropical / Equatorial,61.01,Cumulus,0.3835,11.829,62.19,16.84,1009.1,0.5,2170.3
2026-07-01T21:00:00+00:00,BR,Brazil,-14.235,-51.9253,Tropical / Equatorial,71.14,Cumulus,0.5114,16.892,67.49,15.61,1010.21,0.5,2954.3
2026-07-01T22:00:00+00:00,BR,Brazil,-14.235,-51.9253,Tropical / Equatorial,78.31,Altocumulus,0.4033,5.241,62.13,15.33,1006.82,0.5,2853.1
2026-07-01T23:00:00+00:00,BR,Brazil,-14.235,-51.9253,Tropical / Equatorial,69.24,Altocumulus,0.6106,16.926,63.13,14.96,1008.65,0.5,1729.9
2026-07-02T00:00:00+00:00,BR,Brazil,-14.235,-51.9253,Tropical / Equatorial,69.32,Cumulus,0.5636,13.446,64.2,14.05,1009.28,0.5,1924.2
2026-07-02T01:00:00+00:00,BR,Brazil,-14.235,-51.9253,Tropical / Equatorial,71.36,Altocumulus,0.631,14.505,61.57,17.7,1011.95,0.5,2284.9
2026-07-02T02:00:00+00:00,BR,Brazil,-14.235,-51.9253,Tropical / Equatorial,69.36,Stratocumulus,0.6147,16.224,58.45,17.47,1008.82,0.5,2653.9
2026-07-02T03:00:00+00:00,BR,Brazil,-14.235,-51.9253,Tropical / Equatorial,62.72,Altocumulus,0.4629,14.464,65.08,14.54,1008.22,0.5,1273.5
2026-07-02T04:00:00+00:00,BR,Brazil,-14.235,-51.9253,Tropical / Equatorial,67.41,Stratocumulus,0.3525,7.632,66.06,14.56,1011.11,0.5,1159.5
2026-07-02T05:00:00+00:00,BR,Brazil,-14.235,-51.9253,Tropical / Equatorial,58.47,Stratocumulus,0.6015,8.73,65.27,18.83,1012.72,0.5,2327.5
2026-07-02T06:00:00+00:00,BR,Brazil,-14.235,-51.9253,Tropical / Equatorial,59.9,Altocumulus,0.4688,17.685,64.0,19.31,1012.08,0.5,2964.8
2026-07-02T07:00:00+00:00,BR,Brazil,-14.235,-51.9253,Tropical / Equatorial,63.68,Cumulus,0.5398,14.438,60.61,22.87,1011.2,0.5,2801.4
2026-07-02T08:00:00+00:00,BR,Brazil,-14.235,-51.9253,Tropical / Equatorial,60.67,Stratocumulus,0.6057,8.135,53.03,21.04,1010.8,0.5,1868.8
2026-07-02T09:00:00+00:00,BR,Brazil,-14.235,-51.9253,Tropical / Equatorial,52.7,Altocumulus,0.3707,16.79,56.42,23.15,1013.65,0.5,2145.3
2026-07-02T10:00:00+00:00,BR,Brazil,-14.235,-51.9253,Tropical / Equatorial,50.24,Cumulus,0.3824,8.919,55.4,23.18,1013.39,0.5,1413.6
2026-07-02T11:00:00+00:00,BR,Brazil,-14.235,-51.9253,Tropical / Equatorial,47.5,Altocumulus,0.3683,3.422,53.64,23.47,1014.58,0.5,4913.2
2026-07-02T12:00:00+00:00,BR,Brazil,-14.235,-51.9253,Tropical / Equatorial,56.66,Cumulus,0.4723,5.747,54.94,23.1,1013.25,0.5,1790.5
2026-07-02T13:00:00+00:00,BR,Brazil,-14.235,-51.9253,Tropical / Equatorial,49.91,Cirrus,0.3095,5.284,51.03,25.09,1011.84,0.5,5716.6
2026-07-02T14:00:00+00:00,BR,Brazil,-14.235,-51.9253,Tropical / Equatorial,49.2,Altocumulus,0.2454,3.232,54.81,24.49,1014.74,0.5,8232.6
2026-07-02T15:00:00+00:00,BR,Brazil,-14.235,-51.9253,Tropical / Equatorial,50.41,Altocumulus,0.5667,5.345,58.5,23.38,1012.97,0.5,2536.0
2026-07-02T16:00:00+00:00,BR,Brazil,-14.235,-51.9253,Tropical / Equatorial,50.41,Stratocumulus,0.5335,15.792,58.52,20.82,1013.11,0.5,2390.2
2026-07-02T17:00:00+00:00,BR,Brazil,-14.235,-51.9253,Tropical / Equatorial,51.13,Cumulus,0.5943,16.457,59.25,18.69,1014.4,0.5,1131.9
2026-07-02T18:00:00+00:00,BR,Brazil,-14.235,-51.9253,Tropical / Equatorial,49.46,Cumulus,0.322,4.249,56.92,19.22,1013.38,0.5,3943.8
2026-07-02T19:00:00+00:00,BR,Brazil,-14.235,-51.9253,Tropical / Equatorial,41.17,Cirrus,0.2473,4.574,61.69,20.12,1014.17,0.5,7007.3
2026-07-02T20:00:00+00:00,BR,Brazil,-14.235,-51.9253,Tropical / Equatorial,45.48,Cirrus,0.1863,4.235,62.04,17.04,1014.71,0.5,5084.4
2026-07-02T21:00:00+00:00,BR,Brazil,-14.235,-51.9253,Tropical / Equatorial,31.54,Cumulus,0.2313,2.382,67.02,16.9,1016.88,0.5,8475.1
2026-07-02T22:00:00+00:00,BR,Brazil,-14.235,-51.9253,Tropical / Equatorial,43.03,Cirrus,0.3678,1.468,67.07,15.83,1011.1,0.5,7040.5
2026-07-02T23:00:00+00:00,BR,Brazil,-14.235,-51.9253,Tropical / Equatorial,38.34,Cumulus,0.3323,4.569,65.31,16.87,1013.52,0.5,4647.0
2026-07-03T00:00:00+00:00,BR,Brazil,-14.235,-51.9253,Tropical / Equatorial,41.85,Altocumulus,0.2929,2.499,65.47,14.65,1013.7,0.5,4937.2
2026-07-03T01:00:00+00:00,BR,Brazil,-14.235,-51.9253,Tropical / Equatorial,32.29,Cirrus,0.3724,1.279,63.49,13.73,1016.17,0.5,3909.2
2026-07-03T02:00:00+00:00,BR,Brazil,-14.235,-51.9253,Tropical / Equatorial,27.54,Cumulus,0.2134,4.886,67.28,16.47,1016.77,0.5,4064.0
2026-07-03T03:00:00+00:00,BR,Brazil,-14.235,-51.9253,Tropical / Equatorial,34.15,Altocumulus,0.2464,1.785,68.97,16.62,1014.3,0.5,6229.0
2026-07-03T04:00:00+00:00,BR,Brazil,-14.235,-51.9253,Tropical / Equatorial,37.1,Altocumulus,0.2313,5.354,63.5,16.47,1014.72,0.5,8494.4
2026-07-03T05:00:00+00:00,BR,Brazil,-14.235,-51.9253,Tropical / Equatorial,37.38,Altocumulus,0.3098,3.871,62.64,17.15,1013.02,0.5,3760.0
2026-07-03T06:00:00+00:00,BR,Brazil,-14.235,-51.9253,Tropical / Equatorial,36.72,Cirrus,0.3316,5.129,66.16,18.15,1016.25,0.5,4575.5
2026-07-03T07:00:00+00:00,BR,Brazil,-14.235,-51.9253,Tropical / Equatorial,29.64,Cirrus,0.3097,4.367,54.03,21.28,1018.48,0.5,8259.1
2026-07-03T08:00:00+00:00,BR,Brazil,-14.235,-51.9253,Tropical / Equatorial,28.51,Cirrus,0.3627,5.757,55.22,23.17,1016.4,0.5,6734.9
2026-07-03T09:00:00+00:00,BR,Brazil,-14.235,-51.9253,Tropical / Equatorial,26.84,Altocumulus,0.3521,2.405,56.46,23.57,1015.97,0.5,5467.2
2026-07-03T10:00:00+00:00,BR,Brazil,-14.235,-51.9253,Tropical / Equatorial,32.82,Cumulus,0.2985,3.934,53.91,24.4,1018.08,0.5,7680.3
2026-07-03T11:00:00+00:00,BR,Brazil,-14.235,-51.9253,Tropical / Equatorial,25.2,Cumulus,0.1926,3.884,50.55,24.06,1016.25,0.5,6583.1
2026-07-03T12:00:00+00:00,BR,Brazil,-14.235,-51.9253,Tropical / Equatorial,28.2,Altocumulus,0.3457,4.508,52.1,23.65,1018.02,0.5,7230.3
2026-07-03T13:00:00+00:00,BR,Brazil,-14.235,-51.9253,Tropical / Equatorial,22.12,Cirrus,0.2601,1.314,53.24,23.11,1015.46,0.5,8065.3
2026-07-03T14:00:00+00:00,BR,Brazil,-14.235,-51.9253,Tropical / Equatorial,37.16,Cumulus,0.3148,4.213,54.73,24.28,1017.91,0.5,6083.0
2026-07-03T15:00:00+00:00,BR,Brazil,-14.235,-51.9253,Tropical / Equatorial,30.23,Cumulus,0.3712,2.7,53.14,22.11,1017.63,0.5,3910.6
2026-07-03T16:00:00+00:00,BR,Brazil,-14.235,-51.9253,Tropical / Equatorial,35.7,Cirrus,0.1828,3.283,52.97,22.37,1016.18,0.5,8120.4
2026-07-03T17:00:00+00:00,BR,Brazil,-14.235,-51.9253,Tropical / Equatorial,29.2,Altocumulus,0.174,3.762,62.13,20.8,1017.92,0.5,5114.2
2026-07-03T18:00:00+00:00,BR,Brazil,-14.235,-51.9253,Tropical / Equatorial,29.66,Cirrus,0.325,1.94,64.93,20.87,1016.93,0.5,5781.6
2026-07-03T19:00:00+00:00,BR,Brazil,-14.235,-51.9253,Tropical / Equatorial,33.52,Cirrus,0.2707,1.996,61.01,17.01,1017.2,0.5,7936.8
2026-07-03T20:00:00+00:00,BR,Brazil,-14.235,-51.9253,Tropical / Equatorial,30.02,Cumulus,0.241,5.972,70.64,14.95,1016.95,0.5,8937.5
2026-07-03T21:00:00+00:00,BR,Brazil,-14.235,-51.9253,Tropical / Equatorial,27.59,Cirrus,0.2786,4.263,68.51,15.64,1019.44,0.5,7975.2
2026-07-03T22:00:00+00:00,BR,Brazil,-14.235,-51.9253,Tropical / Equatorial,39.87,Cirrus,0.2217,5.274,64.53,17.26,1015.89,0.5,4348.4
2026-07-03T23:00:00+00:00,BR,Brazil,-14.235,-51.9253,Tropical / Equatorial,35.1,Altocumulus,0.2353,2.584,65.68,15.33,1016.16,0.5,4049.8
2026-07-04T00:00:00+00:00,BR,Brazil,-14.235,-51.9253,Tropical / Equatorial,36.95,Cumulus,0.2928,5.755,65.0,15.86,1014.62,0.5,4254.5
2026-07-04T01:00:00+00:00,BR,Brazil,-14.235,-51.9253,Tropical / Equatorial,40.86,Altocumulus,0.1624,2.003,70.49,13.06,1017.31,0.5,5337.6
2026-07-04T02:00:00+00:00,BR,Brazil,-14.235,-51.9253,Tropical / Equatorial,44.12,Cumulus,0.3641,2.778,69.92,13.62,1012.98,0.5,5125.5
2026-07-04T03:00:00+00:00,BR,Brazil,-14.235,-51.9253,Tropical / Equatorial,49.75,Cirrus,0.2127,3.809,60.02,18.0,1012.78,0.5,8815.3
2026-07-04T04:00:00+00:00,BR,Brazil,-14.235,-51.9253,Tropical / Equatorial,46.39,Altocumulus,0.3756,1.354,63.99,15.74,1015.45,0.5,4617.9
2026-07-04T05:00:00+00:00,BR,Brazil,-14.235,-51.9253,Tropical / Equatorial,51.47,Stratocumulus,0.5973,12.394,61.71,19.18,1013.91,0.5,1721.8
2026-07-04T06:00:00+00:00,BR,Brazil,-14.235,-51.9253,Tropical / Equatorial,41.85,Altocumulus,0.287,1.45,60.71,20.0,1015.05,0.5,7474.5
2026-07-04T07:00:00+00:00,BR,Brazil,-14.235,-51.9253,Tropical / Equatorial,46.32,Altocumulus,0.1716,2.51,57.22,20.38,1014.35,0.5,5729.3
2026-07-04T08:00:00+00:00,BR,Brazil,-14.235,-51.9253,Tropical / Equatorial,42.36,Cirrus,0.2517,5.593,56.83,24.03,1015.22,0.5,4407.3
2026-07-04T09:00:00+00:00,BR,Brazil,-14.235,-51.9253,Tropical / Equatorial,39.62,Cumulus,0.2432,5.185,54.12,21.29,1015.23,0.5,5595.5
2026-07-04T10:00:00+00:00,BR,Brazil,-14.235,-51.9253,Tropical / Equatorial,44.84,Altocumulus,0.239,5.238,57.6,25.15,1010.66,0.5,4813.7
2026-07-04T11:00:00+00:00,BR,Brazil,-14.235,-51.9253,Tropical / Equatorial,50.2,Stratocumulus,0.4857,16.627,56.3,26.24,1013.1,0.5,1669.5
2026-07-04T12:00:00+00:00,BR,Brazil,-14.235,-51.9253,Tropical / Equatorial,55.77,Altocumulus,0.6092,11.816,53.18,25.36,1013.22,0.5,2795.4
2026-07-04T13:00:00+00:00,BR,Brazil,-14.235,-51.9253,Tropical / Equatorial,58.88,Altocumulus,0.6212,7.435,48.81,24.2,1011.18,0.5,1267.3
2026-07-04T14:00:00+00:00,BR,Brazil,-14.235,-51.9253,Tropical / Equatorial,45.12,Cirrus,0.1822,1.457,49.64,23.05,1012.23,0.5,7468.5
2026-07-04T15:00:00+00:00,BR,Brazil,-14.235,-51.9253,Tropical / Equatorial,51.61,Stratocumulus,0.384,10.363,53.3,22.88,1012.58,0.5,2041.6
2026-07-04T16:00:00+00:00,BR,Brazil,-14.235,-51.9253,Tropical / Equatorial,54.84,Altocumulus,0.5788,7.22,55.54,23.18,1012.45,0.5,2425.3
2026-07-04T17:00:00+00:00,BR,Brazil,-14.235,-51.9253,Tropical / Equatorial,45.89,Cirrus,0.2908,4.141,52.35,21.16,1013.33,0.5,4022.1
2026-07-04T18:00:00+00:00,BR,Brazil,-14.235,-51.9253,Tropical / Equatorial,51.79,Stratocumulus,0.4925,9.298,60.72,21.13,1012.54,0.5,1015.6
2026-07-04T19:00:00+00:00,BR,Brazil,-14.235,-51.9253,Tropical / Equatorial,50.0,Cumulus,0.1709,5.812,57.29,17.17,1011.28,0.5,4992.0
2026-07-04T20:00:00+00:00,BR,Brazil,-14.235,-51.9253,Tropical / Equatorial,54.55,Cumulus,0.4056,5.697,59.87,16.71,1012.95,0.5,1844.2
2026-07-04T21:00:00+00:00,BR,Brazil,-14.235,-51.9253,Tropical / Equatorial,50.01,Cumulus,0.5737,7.119,65.18,16.95,1016.22,0.5,2068.9
2026-07-04T22:00:00+00:00,BR,Brazil,-14.235,-51.9253,Tropical / Equatorial,48.23,Cirrus,0.2764,2.898,62.56,14.2,1012.42,0.5,3517.5
2026-07-04T23:00:00+00:00,BR,Brazil,-14.235,-51.9253,Tropical / Equatorial,46.46,Altocumulus,0.3481,1.453,62.62,14.67,1015.25,0.5,8617.1
2026-07-05T00:00:00+00:00,BR,Brazil,-14.235,-51.9253,Tropical / Equatorial,54.24,Cumulus,0.4708,8.414,72.96,15.74,1009.81,0.5,2934.8
2026-07-05T01:00:00+00:00,BR,Brazil,-14.235,-51.9253,Tropical / Equatorial,44.73,Cumulus,0.2285,5.629,60.38,16.73,1010.6,0.5,4445.5
2026-07-05T02:00:00+00:00,BR,Brazil,-14.235,-51.9253,Tropical / Equatorial,49.73,Cirrus,0.2764,5.879,66.78,12.2,1012.11,0.5,5771.0
2026-07-05T03:00:00+00:00,BR,Brazil,-14.235,-51.9253,Tropical / Equatorial,50.2,Altocumulus,0.4551,15.327,65.34,16.32,1013.44,0.5,1212.5
2026-07-05T04:00:00+00:00,BR,Brazil,-14.235,-51.9253,Tropical / Equatorial,50.5,Altocumulus,0.4259,13.295,67.11,17.51,1012.19,0.5,2056.7
2026-07-05T05:00:00+00:00,BR,Brazil,-14.235,-51.9253,Tropical / Equatorial,40.3,Cirrus,0.1978,4.404,65.39,17.85,1014.79,0.5,8656.6
2026-07-05T06:00:00+00:00,BR,Brazil,-14.235,-51.9253,Tropical / Equatorial,42.05,Cumulus,0.3471,5.137,61.1,21.09,1016.32,0.5,3688.9
2026-07-05T07:00:00+00:00,BR,Brazil,-14.235,-51.9253,Tropical / Equatorial,45.5,Cirrus,0.3413,2.086,55.53,20.17,1013.15,0.5,5788.0
2026-07-05T08:00:00+00:00,BR,Brazil,-14.235,-51.9253,Tropical / Equatorial,46.19,Cumulus,0.3616,4.311,58.55,19.9,1014.29,0.5,6812.8
2026-07-05T09:00:00+00:00,BR,Brazil,-14.235,-51.9253,Tropical / Equatorial,42.59,Altocumulus,0.3423,2.053,52.69,22.16,1014.65,0.5,5259.7
2026-07-05T10:00:00+00:00,BR,Brazil,-14.235,-51.9253,Tropical / Equatorial,49.42,Cumulus,0.2715,2.829,51.81,25.6,1013.36,0.5,4191.4
2026-07-05T11:00:00+00:00,BR,Brazil,-14.235,-51.9253,Tropical / Equatorial,37.07,Altocumulus,0.2691,3.15,51.56,24.5,1016.43,0.5,7089.1
2026-07-05T12:00:00+00:00,BR,Brazil,-14.235,-51.9253,Tropical / Equatorial,45.17,Altocumulus,0.2801,1.014,53.42,23.99,1013.33,0.5,4244.8
2026-07-05T13:00:00+00:00,BR,Brazil,-14.235,-51.9253,Tropical / Equatorial,32.21,Cumulus,0.1668,5.229,49.13,22.74,1014.91,0.5,8469.7
2026-07-05T14:00:00+00:00,BR,Brazil,-14.235,-51.9253,Tropical / Equatorial,43.21,Cumulus,0.2025,4.148,53.75,23.3,1013.52,0.5,8366.6
2026-07-05T15:00:00+00:00,BR,Brazil,-14.235,-51.9253,Tropical / Equatorial,42.5,Cirrus,0.2121,4.83,55.81,23.13,1013.01,0.5,7370.9
2026-07-05T16:00:00+00:00,BR,Brazil,-14.235,-51.9253,Tropical / Equatorial,33.52,Cirrus,0.3248,2.524,56.33,22.77,1017.23,0.5,5498.2
2026-07-05T17:00:00+00:00,BR,Brazil,-14.235,-51.9253,Tropical / Equatorial,29.39,Cumulus,0.1945,4.053,53.78,22.0,1018.8,0.5,8082.8
2026-07-05T18:00:00+00:00,BR,Brazil,-14.235,-51.9253,Tropical / Equatorial,36.29,Cirrus,0.198,1.459,64.22,19.43,1014.62,0.5,6181.0
2026-07-05T19:00:00+00:00,BR,Brazil,-14.235,-51.9253,Tropical / Equatorial,32.49,Altocumulus,0.3243,2.332,62.23,17.11,1014.87,0.5,5193.8
2026-07-05T20:00:00+00:00,BR,Brazil,-14.235,-51.9253,Tropical / Equatorial,36.77,Cirrus,0.1904,4.219,64.52,15.66,1014.4,0.5,3588.3
2026-07-05T21:00:00+00:00,BR,Brazil,-14.235,-51.9253,Tropical / Equatorial,23.7,Cirrus,0.1914,4.582,65.06,13.35,1016.34,0.5,3736.8
2026-07-05T22:00:00+00:00,BR,Brazil,-14.235,-51.9253,Tropical / Equatorial,35.1,Altocumulus,0.2601,2.961,62.7,16.07,1014.32,0.5,4091.5
2026-07-05T23:00:00+00:00,BR,Brazil,-14.235,-51.9253,Tropical / Equatorial,30.44,Cumulus,0.2186,2.041,63.23,14.62,1017.96,0.5,8082.1
2026-07-06T00:00:00+00:00,BR,Brazil,-14.235,-51.9253,Tropical / Equatorial,31.86,Cumulus,0.3605,2.046,66.72,13.05,1016.19,0.5,7199.6
2026-07-06T01:00:00+00:00,BR,Brazil,-14.235,-51.9253,Tropical / Equatorial,25.04,Cirrus,0.2045,5.03,67.37,14.94,1018.62,0.5,8222.3
2026-07-06T02:00:00+00:00,BR,Brazil,-14.235,-51.9253,Tropical / Equatorial,20.74,Cumulus,0.2243,3.879,68.42,16.18,1018.97,0.5,7406.2
2026-07-06T03:00:00+00:00,BR,Brazil,-14.235,-51.9253,Tropical / Equatorial,24.97,Cumulus,0.247,3.915,69.69,18.06,1017.26,0.5,5736.1
2026-07-06T04:00:00+00:00,BR,Brazil,-14.235,-51.9253,Tropical / Equatorial,26.17,Cumulus,0.1841,2.479,66.08,16.25,1019.85,0.5,4630.4
2026-07-06T05:00:00+00:00,BR,Brazil,-14.235,-51.9253,Tropical / Equatorial,33.92,Cumulus,0.3364,2.533,63.09,17.85,1016.37,0.5,5060.2
2026-07-06T06:00:00+00:00,BR,Brazil,-14.235,-51.9253,Tropical / Equatorial,21.33,Cirrus,0.3418,3.603,60.86,20.0,1016.66,0.5,7329.0
2026-07-06T07:00:00+00:00,BR,Brazil,-14.235,-51.9253,Tropical / Equatorial,23.21,Cirrus,0.2663,4.232,56.43,21.75,1019.82,0.5,6604.4
2026-07-06T08:00:00+00:00,BR,Brazil,-14.235,-51.9253,Tropical / Equatorial,21.38,Cirrus,0.2212,2.228,51.37,21.44,1013.28,0.5,6697.1
2026-07-06T09:00:00+00:00,BR,Brazil,-14.235,-51.9253,Tropical / Equatorial,26.74,Altocumulus,0.2933,3.953,49.36,22.94,1017.15,0.5,6967.1
2026-07-06T10:00:00+00:00,BR,Brazil,-14.235,-51.9253,Tropical / Equatorial,18.7,Altocumulus,0.2633,1.729,50.78,24.25,1016.86,0.5,8128.6
2026-07-06T11:00:00+00:00,BR,Brazil,-14.235,-51.9253,Tropical / Equatorial,24.4,Cumulus,0.3383,1.237,51.41,23.36,1018.51,0.5,6532.9
2026-07-06T12:00:00+00:00,BR,Brazil,-14.235,-51.9253,Tropical / Equatorial,29.31,Cirrus,0.3175,4.835,55.66,24.6,1015.54,0.5,5906.0
2026-07-06T13:00:00+00:00,BR,Brazil,-14.235,-51.9253,Tropical / Equatorial,18.42,Cumulus,0.3103,4.401,56.14,25.72,1017.78,0.5,8647.0
2026-07-06T14:00:00+00:00,BR,Brazil,-14.235,-51.9253,Tropical / Equatorial,20.26,Cirrus,0.1804,1.317,55.64,26.36,1017.81,0.5,3644.3
2026-07-06T15:00:00+00:00,BR,Brazil,-14.235,-51.9253,Tropical / Equatorial,18.86,Cirrus,0.2189,4.876,50.7,21.29,1018.31,0.5,6732.3
2026-07-06T16:00:00+00:00,BR,Brazil,-14.235,-51.9253,Tropical / Equatorial,19.39,Altocumulus,0.1524,2.59,55.87,23.24,1022.58,0.5,8550.3
2026-07-06T17:00:00+00:00,BR,Brazil,-14.235,-51.9253,Tropical / Equatorial,23.13,Cumulus,0.3189,4.893,57.84,21.23,1019.52,0.5,7972.7
2026-07-06T18:00:00+00:00,BR,Brazil,-14.235,-51.9253,Tropical / Equatorial,26.0,Cirrus,0.2322,3.806,59.64,18.07,1016.22,0.5,4791.8
2026-07-06T19:00:00+00:00,BR,Brazil,-14.235,-51.9253,Tropical / Equatorial,25.73,Altocumulus,0.252,1.339,63.26,17.84,1017.64,0.5,4383.7
2026-07-06T20:00:00+00:00,BR,Brazil,-14.235,-51.9253,Tropical / Equatorial,29.14,Altocumulus,0.1797,1.795,61.01,16.08,1016.66,0.5,5246.9
2026-07-06T21:00:00+00:00,BR,Brazil,-14.235,-51.9253,Tropical / Equatorial,27.26,Altocumulus,0.1662,2.022,58.67,17.25,1017.05,0.5,4020.8
2026-07-06T22:00:00+00:00,BR,Brazil,-14.235,-51.9253,Tropical / Equatorial,16.63,Cumulus,0.2149,3.74,67.68,16.4,1017.58,0.5,8566.2
2026-07-06T23:00:00+00:00,BR,Brazil,-14.235,-51.9253,Tropical / Equatorial,24.35,Cumulus,0.2037,2.85,71.89,15.86,1017.09,0.5,5523.9
2026-07-07T00:00:00+00:00,BR,Brazil,-14.235,-51.9253,Tropical / Equatorial,32.97,Altocumulus,0.1509,5.94,66.48,13.94,1015.93,0.5,8111.8
2026-07-07T01:00:00+00:00,BR,Brazil,-14.235,-51.9253,Tropical / Equatorial,28.49,Cumulus,0.3215,3.597,66.28,16.57,1015.06,0.5,4748.4
2026-07-07T02:00:00+00:00,BR,Brazil,-14.235,-51.9253,Tropical / Equatorial,29.74,Altocumulus,0.3591,3.508,64.06,18.74,1017.79,0.5,5805.9
2026-07-07T03:00:00+00:00,BR,Brazil,-14.235,-51.9253,Tropical / Equatorial,30.69,Altocumulus,0.3739,3.448,63.49,16.71,1017.47,0.5,8619.2
2026-07-07T04:00:00+00:00,BR,Brazil,-14.235,-51.9253,Tropical / Equatorial,39.01,Cumulus,0.3718,5.075,62.94,16.5,1015.75,0.5,6516.7
2026-07-07T05:00:00+00:00,BR,Brazil,-14.235,-51.9253,Tropical / Equatorial,45.04,Cumulus,0.2453,1.909,65.77,19.07,1012.95,0.5,8609.4
2026-07-07T06:00:00+00:00,BR,Brazil,-14.235,-51.9253,Tropical / Equatorial,37.81,Altocumulus,0.1656,2.061,54.26,17.96,1013.51,0.5,8756.0
2026-07-07T07:00:00+00:00,BR,Brazil,-14.235,-51.9253,Tropical / Equatorial,42.67,Altocumulus,0.373,1.198,57.67,21.82,1014.9,0.5,8276.6
2026-07-07T08:00:00+00:00,BR,Brazil,-14.235,-51.9253,Tropical / Equatorial,48.99,Altocumulus,0.2115,2.502,58.13,21.28,1014.42,0.5,6439.5
2026-07-07T09:00:00+00:00,BR,Brazil,-14.235,-51.9253,Tropical / Equatorial,39.14,Cirrus,0.202,1.199,55.62,24.22,1013.14,0.5,5096.2
2026-07-07T10:00:00+00:00,BR,Brazil,-14.235,-51.9253,Tropical / Equatorial,54.16,Stratocumulus,0.507,7.996,53.05,21.76,1010.47,0.5,1324.0
2026-07-07T11:00:00+00:00,BR,Brazil,-14.235,-51.9253,Tropical / Equatorial,45.72,Cirrus,0.2818,1.183,50.81,25.54,1014.8,0.5,7006.2
2026-07-07T12:00:00+00:00,BR,Brazil,-14.235,-51.9253,Tropical / Equatorial,48.84,Altocumulus,0.1569,3.141,54.12,24.71,1014.53,0.5,3662.4
2026-07-07T13:00:00+00:00,BR,Brazil,-14.235,-51.9253,Tropical / Equatorial,56.56,Altocumulus,0.5451,8.864,55.54,23.67,1012.81,0.5,1759.5
2026-07-07T14:00:00+00:00,BR,Brazil,-14.235,-51.9253,Tropical / Equatorial,47.05,Cumulus,0.3395,3.403,50.82,24.88,1014.69,0.5,5522.5
2026-07-07T15:00:00+00:00,BR,Brazil,-14.235,-51.9253,Tropical / Equatorial,54.32,Stratocumulus,0.5995,5.432,55.77,23.14,1012.09,0.5,2784.8
2026-07-07T16:00:00+00:00,BR,Brazil,-14.235,-51.9253,Tropical / Equatorial,47.09,Altocumulus,0.2389,3.9,59.49,21.84,1014.3,0.5,3785.7
2026-07-07T17:00:00+00:00,BR,Brazil,-14.235,-51.9253,Tropical / Equatorial,48.98,Cumulus,0.1651,1.088,55.69,19.04,1013.73,0.5,7040.6
2026-07-07T18:00:00+00:00,BR,Brazil,-14.235,-51.9253,Tropical / Equatorial,65.16,Stratocumulus,0.5411,5.016,61.24,19.99,1012.32,0.5,2239.6
2026-07-07T19:00:00+00:00,BR,Brazil,-14.235,-51.9253,Tropical / Equatorial,61.93,Cumulus,0.5872,13.901,64.53,16.61,1011.57,0.5,1166.1
2026-07-07T20:00:00+00:00,BR,Brazil,-14.235,-51.9253,Tropical / Equatorial,55.12,Stratocumulus,0.5979,11.543,65.98,18.94,1010.64,0.5,1448.0
2026-07-07T21:00:00+00:00,BR,Brazil,-14.235,-51.9253,Tropical / Equatorial,59.21,Cumulus,0.4844,7.156,62.69,14.09,1012.31,0.5,1385.4
2026-07-07T22:00:00+00:00,BR,Brazil,-14.235,-51.9253,Tropical / Equatorial,57.92,Stratocumulus,0.6176,8.0,69.5,12.94,1011.41,0.5,2044.9
2026-07-07T23:00:00+00:00,BR,Brazil,-14.235,-51.9253,Tropical / Equatorial,55.84,Stratocumulus,0.6151,7.602,67.11,14.57,1011.21,0.5,1276.9
2026-07-08T00:00:00+00:00,BR,Brazil,-14.235,-51.9253,Tropical / Equatorial,51.98,Stratocumulus,0.5401,8.662,63.5,16.04,1014.12,0.5,2110.7
2026-07-08T01:00:00+00:00,BR,Brazil,-14.235,-51.9253,Tropical / Equatorial,53.39,Altocumulus,0.4311,5.872,66.12,15.27,1011.99,0.5,1062.3
2026-07-08T02:00:00+00:00,BR,Brazil,-14.235,-51.9253,Tropical / Equatorial,55.97,Stratocumulus,0.6445,11.449,67.89,14.2,1014.96,0.5,1647.6
2026-07-08T03:00:00+00:00,BR,Brazil,-14.235,-51.9253,Tropical / Equatorial,64.6,Cumulus,0.5912,13.476,61.14,17.07,1010.9,0.5,1267.0
2026-07-08T04:00:00+00:00,BR,Brazil,-14.235,-51.9253,Tropical / Equatorial,59.13,Stratocumulus,0.4032,13.831,62.43,15.88,1013.05,0.5,2624.1
2026-07-08T05:00:00+00:00,BR,Brazil,-14.235,-51.9253,Tropical / Equatorial,64.12,Altocumulus,0.442,16.001,62.14,19.56,1011.07,0.5,1374.9
2026-07-08T06:00:00+00:00,BR,Brazil,-14.235,-51.9253,Tropical / Equatorial,58.01,Altocumulus,0.4759,10.88,55.35,19.8,1011.43,0.5,2712.8
2026-07-08T07:00:00+00:00,BR,Brazil,-14.235,-51.9253,Tropical / Equatorial,54.63,Cumulus,0.4817,17.134,59.15,22.79,1013.33,0.5,1385.2
2026-07-08T08:00:00+00:00,BR,Brazil,-14.235,-51.9253,Tropical / Equatorial,55.77,Cumulus,0.4431,6.546,57.37,21.33,1010.16,0.5,1425.8
2026-07-08T09:00:00+00:00,BR,Brazil,-14.235,-51.9253,Tropical / Equatorial,62.12,Stratocumulus,0.421,11.22,53.96,23.44,1013.13,0.5,1877.5
2026-07-08T10:00:00+00:00,BR,Brazil,-14.235,-51.9253,Tropical / Equatorial,60.03,Stratocumulus,0.3743,11.514,57.52,24.28,1012.95,0.5,2125.4
2026-07-08T11:00:00+00:00,BR,Brazil,-14.235,-51.9253,Tropical / Equatorial,66.72,Stratocumulus,0.4847,6.687,50.68,22.84,1010.52,0.5,2255.4
2026-07-08T12:00:00+00:00,BR,Brazil,-14.235,-51.9253,Tropical / Equatorial,52.57,Altocumulus,0.4065,15.003,51.61,25.51,1013.71,0.5,1151.6
2026-07-08T13:00:00+00:00,BR,Brazil,-14.235,-51.9253,Tropical / Equatorial,49.53,Altocumulus,0.2978,1.621,54.75,23.92,1009.89,0.5,8563.0
2026-07-08T14:00:00+00:00,BR,Brazil,-14.235,-51.9253,Tropical / Equatorial,62.06,Cumulus,0.6416,16.216,51.52,24.69,1008.79,0.5,2383.3
2026-07-08T15:00:00+00:00,BR,Brazil,-14.235,-51.9253,Tropical / Equatorial,61.04,Cumulus,0.4757,14.26,54.34,23.83,1012.3,0.5,2881.0
2026-07-08T16:00:00+00:00,BR,Brazil,-14.235,-51.9253,Tropical / Equatorial,46.29,Altocumulus,0.2389,1.046,56.1,20.54,1014.93,0.5,5705.1
2026-07-08T17:00:00+00:00,BR,Brazil,-14.235,-51.9253,Tropical / Equatorial,43.17,Altocumulus,0.3387,2.254,55.65,22.53,1012.23,0.5,6685.9
2026-07-08T18:00:00+00:00,BR,Brazil,-14.235,-51.9253,Tropical / Equatorial,49.8,Altocumulus,0.1684,5.986,57.57,20.1,1011.25,0.5,3926.3
2026-07-08T19:00:00+00:00,BR,Brazil,-14.235,-51.9253,Tropical / Equatorial,48.97,Cirrus,0.253,1.808,59.5,17.62,1015.51,0.5,5369.2
2026-07-08T20:00:00+00:00,BR,Brazil,-14.235,-51.9253,Tropical / Equatorial,45.35,Cumulus,0.315,3.675,63.61,16.44,1014.62,0.5,4503.3
2026-07-08T21:00:00+00:00,BR,Brazil,-14.235,-51.9253,Tropical / Equatorial,50.97,Altocumulus,0.5335,10.434,66.19,16.64,1015.24,0.5,1227.6
2026-07-08T22:00:00+00:00,BR,Brazil,-14.235,-51.9253,Tropical / Equatorial,42.38,Cirrus,0.2607,1.752,64.33,13.89,1014.58,0.5,6587.4
2026-07-08T23:00:00+00:00,BR,Brazil,-14.235,-51.9253,Tropical / Equatorial,51.07,Altocumulus,0.48,17.629,67.57,14.01,1014.57,0.5,2266.0
2026-07-09T00:00:00+00:00,BR,Brazil,-14.235,-51.9253,Tropical / Equatorial,44.25,Cirrus,0.2202,2.741,70.52,13.92,1012.48,0.5,7876.7
2026-07-09T01:00:00+00:00,BR,Brazil,-14.235,-51.9253,Tropical / Equatorial,53.51,Stratocumulus,0.3962,15.148,65.82,16.46,1012.97,0.5,1024.9
2026-07-09T02:00:00+00:00,BR,Brazil,-14.235,-51.9253,Tropical / Equatorial,48.29,Cumulus,0.1976,4.893,68.95,12.54,1014.38,0.5,5072.5
2026-07-09T03:00:00+00:00,BR,Brazil,-14.235,-51.9253,Tropical / Equatorial,39.43,Altocumulus,0.3719,5.194,65.1,15.16,1013.65,0.5,5642.2
2026-07-09T04:00:00+00:00,BR,Brazil,-14.235,-51.9253,Tropical / Equatorial,51.97,Cumulus,0.6365,14.858,66.61,18.85,1014.78,0.5,1486.0
2026-07-09T05:00:00+00:00,BR,Brazil,-14.235,-51.9253,Tropical / Equatorial,41.2,Altocumulus,0.1503,3.658,64.1,20.73,1015.91,0.5,5658.2
2026-07-09T06:00:00+00:00,BR,Brazil,-14.235,-51.9253,Tropical / Equatorial,45.23,Cirrus,0.3427,4.084,59.12,18.15,1011.93,0.5,8360.2
2026-07-09T07:00:00+00:00,BR,Brazil,-14.235,-51.9253,Tropical / Equatorial,57.53,Cumulus,0.364,16.248,56.88,20.27,1013.73,0.5,2190.9
2026-07-09T08:00:00+00:00,BR,Brazil,-14.235,-51.9253,Tropical / Equatorial,43.37,Cirrus,0.2393,1.403,56.34,21.25,1012.42,0.5,5968.7
2026-07-09T09:00:00+00:00,BR,Brazil,-14.235,-51.9253,Tropical / Equatorial,44.98,Cumulus,0.1902,3.286,54.7,22.3,1014.52,0.5,4863.4
2026-07-09T10:00:00+00:00,BR,Brazil,-14.235,-51.9253,Tropical / Equatorial,40.5,Cumulus,0.3517,1.572,60.03,21.73,1012.38,0.5,3852.7
2026-07-09T11:00:00+00:00,BR,Brazil,-14.235,-51.9253,Tropical / Equatorial,36.03,Cumulus,0.3127,4.079,54.6,23.98,1014.35,0.5,8172.4
2026-07-09T12:00:00+00:00,BR,Brazil,-14.235,-51.9253,Tropical / Equatorial,43.46,Altocumulus,0.3282,1.826,51.7,27.9,1011.21,0.5,4308.7
2026-07-09T13:00:00+00:00,BR,Brazil,-14.235,-51.9253,Tropical / Equatorial,41.66,Cirrus,0.3521,4.182,52.46,23.61,1014.38,0.5,6574.8
2026-07-09T14:00:00+00:00,BR,Brazil,-14.235,-51.9253,Tropical / Equatorial,40.6,Cumulus,0.367,5.661,50.59,22.83,1014.66,0.5,5418.9
2026-07-09T15:00:00+00:00,BR,Brazil,-14.235,-51.9253,Tropical / Equatorial,33.28,Cumulus,0.2972,2.153,59.3,23.21,1015.17,0.5,5918.3
2026-07-09T16:00:00+00:00,BR,Brazil,-14.235,-51.9253,Tropical / Equatorial,44.97,Cumulus,0.2034,3.215,52.45,23.4,1013.75,0.5,6673.7
2026-07-09T17:00:00+00:00,BR,Brazil,-14.235,-51.9253,Tropical / Equatorial,39.42,Cumulus,0.2843,2.413,57.47,18.08,1015.82,0.5,6863.0
2026-07-09T18:00:00+00:00,BR,Brazil,-14.235,-51.9253,Tropical / Equatorial,37.56,Cirrus,0.1967,3.917,60.89,20.38,1012.61,0.5,5711.4
2026-07-09T19:00:00+00:00,BR,Brazil,-14.235,-51.9253,Tropical / Equatorial,37.08,Cumulus,0.2156,1.349,64.75,19.32,1015.6,0.5,4911.4
2026-07-09T20:00:00+00:00,BR,Brazil,-14.235,-51.9253,Tropical / Equatorial,47.09,Altocumulus,0.2458,2.273,70.62,18.24,1013.12,0.5,7468.1
2026-07-09T21:00:00+00:00,BR,Brazil,-14.235,-51.9253,Tropical / Equatorial,45.66,Altocumulus,0.3079,5.358,59.56,14.43,1015.8,0.5,5825.1
2026-07-09T22:00:00+00:00,BR,Brazil,-14.235,-51.9253,Tropical / Equatorial,34.39,Altocumulus,0.1516,5.163,66.37,15.02,1017.6,0.5,8353.8
2026-07-09T23:00:00+00:00,BR,Brazil,-14.235,-51.9253,Tropical / Equatorial,42.56,Cirrus,0.2858,2.233,69.78,14.51,1015.84,0.5,4185.3
2026-07-10T00:00:00+00:00,BR,Brazil,-14.235,-51.9253,Tropical / Equatorial,44.74,Cirrus,0.3049,3.385,72.87,15.08,1012.75,0.5,6262.7
2026-07-10T01:00:00+00:00,BR,Brazil,-14.235,-51.9253,Tropical / Equatorial,46.37,Altocumulus,0.1845,2.462,67.12,13.76,1013.76,0.5,6355.9
2026-07-10T02:00:00+00:00,BR,Brazil,-14.235,-51.9253,Tropical / Equatorial,51.24,Cumulus,0.4321,11.888,66.5,15.62,1010.22,0.5,1382.0
2026-07-10T03:00:00+00:00,BR,Brazil,-14.235,-51.9253,Tropical / Equatorial,47.0,Cumulus,0.3417,3.765,63.61,15.4,1014.6,0.5,5907.8
2026-07-10T04:00:00+00:00,BR,Brazil,-14.235,-51.9253,Tropical / Equatorial,40.71,Altocumulus,0.2412,4.585,59.85,17.67,1014.83,0.5,4763.6
2026-07-10T05:00:00+00:00,BR,Brazil,-14.235,-51.9253,Tropical / Equatorial,49.63,Cirrus,0.1797,3.081,65.22,18.39,1014.23,0.5,6047.8
2026-07-10T06:00:00+00:00,BR,Brazil,-14.235,-51.9253,Tropical / Equatorial,61.7,Stratocumulus,0.5908,14.499,56.08,20.03,1012.37,0.5,1525.3
2026-07-10T07:00:00+00:00,BR,Brazil,-14.235,-51.9253,Tropical / Equatorial,48.62,Cirrus,0.2955,1.039,64.57,20.79,1016.15,0.5,5607.0
2026-07-10T08:00:00+00:00,BR,Brazil,-14.235,-51.9253,Tropical / Equatorial,53.93,Altocumulus,0.3604,8.67,58.45,22.82,1009.66,0.5,2473.2
2026-07-10T09:00:00+00:00,BR,Brazil,-14.235,-51.9253,Tropical / Equatorial,48.98,Cumulus,0.2015,2.834,53.25,23.83,1015.08,0.5,3519.2
2026-07-10T10:00:00+00:00,BR,Brazil,-14.235,-51.9253,Tropical / Equatorial,61.99,Altocumulus,0.6234,6.172,50.0,22.65,1012.96,0.5,1475.5
2026-07-10T11:00:00+00:00,BR,Brazil,-14.235,-51.9253,Tropical / Equatorial,62.99,Cumulus,0.5906,11.279,51.26,24.35,1007.98,0.5,2851.0
2026-07-10T12:00:00+00:00,BR,Brazil,-14.235,-51.9253,Tropical / Equatorial,55.55,Cumulus,0.3725,6.257,50.48,24.48,1013.08,0.5,1398.9
2026-07-10T13:00:00+00:00,BR,Brazil,-14.235,-51.9253,Tropical / Equatorial,47.04,Cumulus,0.3228,2.665,54.39,25.63,1014.2,0.5,8302.3
2026-07-10T14:00:00+00:00,BR,Brazil,-14.235,-51.9253,Tropical / Equatorial,62.07,Altocumulus,0.5068,7.53,48.1,22.57,1012.6,0.5,2093.4
2026-07-10T15:00:00+00:00,BR,Brazil,-14.235,-51.9253,Tropical / Equatorial,56.46,Cumulus,0.5856,17.156,56.24,22.94,1013.09,0.5,2351.3
2026-07-10T16:00:00+00:00,BR,Brazil,-14.235,-51.9253,Tropical / Equatorial,66.88,Cumulus,0.5563,15.434,56.79,21.12,1010.35,0.5,1688.7
2026-07-10T17:00:00+00:00,BR,Brazil,-14.235,-51.9253,Tropical / Equatorial,63.61,Stratocumulus,0.549,11.865,60.58,22.21,1008.84,0.5,1750.3
2026-07-10T18:00:00+00:00,BR,Brazil,-14.235,-51.9253,Tropical / Equatorial,61.01,Cumulus,0.6038,10.339,58.76,16.37,1010.47,0.5,2668.3
2026-07-10T19:00:00+00:00,BR,Brazil,-14.235,-51.9253,Tropical / Equatorial,69.33,Cumulus,0.3775,5.964,63.7,17.96,1010.6,0.5,2621.2
2026-07-10T20:00:00+00:00,BR,Brazil,-14.235,-51.9253,Tropical / Equatorial,72.34,Altocumulus,0.4712,14.035,67.2,17.71,1010.69,0.5,2527.7
2026-07-10T21:00:00+00:00,BR,Brazil,-14.235,-51.9253,Tropical / Equatorial,65.85,Stratocumulus,0.5428,16.746,68.14,15.31,1009.47,0.5,2636.8
2026-07-10T22:00:00+00:00,BR,Brazil,-14.235,-51.9253,Tropical / Equatorial,64.6,Altocumulus,0.643,6.323,69.17,15.88,1012.4,0.5,2819.5
2026-07-10T23:00:00+00:00,BR,Brazil,-14.235,-51.9253,Tropical / Equatorial,67.69,Stratocumulus,0.3733,14.932,69.87,16.35,1011.86,0.5,2754.1
2026-07-11T00:00:00+00:00,BR,Brazil,-14.235,-51.9253,Tropical / Equatorial,71.21,Cumulus,0.5648,13.636,67.79,14.57,1009.82,0.5,1948.9
2026-07-11T01:00:00+00:00,BR,Brazil,-14.235,-51.9253,Tropical / Equatorial,69.63,Altocumulus,0.4207,9.094,71.35,12.7,1011.66,0.5,1838.0
2026-07-11T02:00:00+00:00,BR,Brazil,-14.235,-51.9253,Tropical / Equatorial,69.04,Cumulus,0.3919,10.786,63.99,14.65,1007.01,0.5,1883.6
2026-07-11T03:00:00+00:00,BR,Brazil,-14.235,-51.9253,Tropical / Equatorial,72.97,Altocumulus,0.4562,9.49,69.18,15.68,1008.6,0.5,2468.9
2026-07-11T04:00:00+00:00,BR,Brazil,-14.235,-51.9253,Tropical / Equatorial,66.71,Altocumulus,0.483,12.11,66.09,18.23,1009.48,0.5,1813.7
2026-07-11T05:00:00+00:00,BR,Brazil,-14.235,-51.9253,Tropical / Equatorial,64.82,Altocumulus,0.6022,11.803,63.77,20.03,1008.29,0.5,1606.2
2026-07-11T06:00:00+00:00,BR,Brazil,-14.235,-51.9253,Tropical / Equatorial,70.51,Cumulus,0.5075,5.551,52.98,19.33,1011.52,0.5,2833.9
2026-07-11T07:00:00+00:00,BR,Brazil,-14.235,-51.9253,Tropical / Equatorial,77.74,Cumulus,0.4484,7.446,61.47,21.3,1008.22,0.5,1869.8
2026-07-11T08:00:00+00:00,BR,Brazil,-14.235,-51.9253,Tropical / Equatorial,63.99,Altocumulus,0.3508,8.616,54.29,19.8,1010.03,0.5,2435.3
2026-07-11T09:00:00+00:00,BR,Brazil,-14.235,-51.9253,Tropical / Equatorial,62.23,Cumulus,0.4988,8.087,55.79,23.01,1010.35,0.5,1562.1
2026-07-11T10:00:00+00:00,BR,Brazil,-14.235,-51.9253,Tropical / Equatorial,64.63,Cumulus,0.5696,16.712,53.16,23.43,1010.02,0.5,2447.5
2026-07-11T11:00:00+00:00,BR,Brazil,-14.235,-51.9253,Tropical / Equatorial,64.83,Altocumulus,0.3899,17.827,52.89,25.72,1010.07,0.5,2031.1
2026-07-11T12:00:00+00:00,BR,Brazil,-14.235,-51.9253,Tropical / Equatorial,62.91,Altocumulus,0.6038,5.946,47.44,25.09,1010.92,0.5,1598.7
2026-07-11T13:00:00+00:00,BR,Brazil,-14.235,-51.9253,Tropical / Equatorial,57.84,Stratocumulus,0.6358,9.243,51.31,23.98,1012.54,0.5,1811.5
2026-07-11T14:00:00+00:00,BR,Brazil,-14.235,-51.9253,Tropical / Equatorial,55.61,Stratocumulus,0.3666,16.245,54.74,24.69,1011.54,0.5,2085.7
2026-07-11T15:00:00+00:00,BR,Brazil,-14.235,-51.9253,Tropical / Equatorial,57.04,Altocumulus,0.3863,12.787,57.95,21.36,1011.97,0.5,2425.0
2026-07-11T16:00:00+00:00,BR,Brazil,-14.235,-51.9253,Tropical / Equatorial,52.02,Cumulus,0.4788,12.297,57.92,23.92,1011.99,0.5,2123.9
2026-07-11T17:00:00+00:00,BR,Brazil,-14.235,-51.9253,Tropical / Equatorial,57.9,Stratocumulus,0.6036,8.395,58.19,21.89,1010.83,0.5,2865.7
2026-07-11T18:00:00+00:00,BR,Brazil,-14.235,-51.9253,Tropical / Equatorial,55.56,Altocumulus,0.3599,8.809,62.0,19.62,1012.54,0.5,2299.7
2026-07-11T19:00:00+00:00,BR,Brazil,-14.235,-51.9253,Tropical / Equatorial,64.13,Stratocumulus,0.5747,16.365,63.85,16.43,1011.18,0.5,2709.8
2026-07-11T20:00:00+00:00,BR,Brazil,-14.235,-51.9253,Tropical / Equatorial,52.56,Altocumulus,0.4673,8.806,61.67,16.59,1010.47,0.5,2639.0
2026-07-11T21:00:00+00:00,BR,Brazil,-14.235,-51.9253,Tropical / Equatorial,51.61,Altocumulus,0.4926,16.138,66.68,15.97,1015.45,0.5,1472.5
2026-07-11T22:00:00+00:00,BR,Brazil,-14.235,-51.9253,Tropical / Equatorial,49.6,Cirrus,0.1752,4.101,69.68,15.67,1013.28,0.5,7823.5
2026-07-11T23:00:00+00:00,BR,Brazil,-14.235,-51.9253,Tropical / Equatorial,41.13,Cumulus,0.3257,1.901,65.74,14.33,1012.24,0.5,3675.0
2026-07-12T00:00:00+00:00,BR,Brazil,-14.235,-51.9253,Tropical / Equatorial,46.65,Cumulus,0.2164,5.006,68.09,14.29,1013.76,0.5,7635.7
2026-07-12T01:00:00+00:00,BR,Brazil,-14.235,-51.9253,Tropical / Equatorial,48.23,Cumulus,0.1737,2.379,62.89,14.3,1013.23,0.5,4439.5
2026-07-12T02:00:00+00:00,BR,Brazil,-14.235,-51.9253,Tropical / Equatorial,54.01,Stratocumulus,0.6162,12.864,67.18,15.65,1015.98,0.5,2619.3
2026-07-12T03:00:00+00:00,BR,Brazil,-14.235,-51.9253,Tropical / Equatorial,50.11,Cumulus,0.6111,6.206,67.44,19.73,1013.09,0.5,1063.1
2026-07-12T04:00:00+00:00,BR,Brazil,-14.235,-51.9253,Tropical / Equatorial,46.41,Cumulus,0.1541,4.595,62.98,17.04,1012.95,0.5,6903.9
2026-07-12T05:00:00+00:00,BR,Brazil,-14.235,-51.9253,Tropical / Equatorial,45.95,Altocumulus,0.1651,1.394,63.17,17.62,1013.88,0.5,7161.6
2026-07-12T06:00:00+00:00,BR,Brazil,-14.235,-51.9253,Tropical / Equatorial,36.19,Cumulus,0.2232,4.487,56.66,18.55,1015.47,0.5,8239.8
2026-07-12T07:00:00+00:00,BR,Brazil,-14.235,-51.9253,Tropical / Equatorial,35.79,Cumulus,0.3762,1.98,54.62,19.17,1015.48,0.5,4045.5
2026-07-12T08:00:00+00:00,BR,Brazil,-14.235,-51.9253,Tropical / Equatorial,36.92,Cumulus,0.2904,2.448,57.65,22.65,1012.97,0.5,3604.3
2026-07-12T09:00:00+00:00,BR,Brazil,-14.235,-51.9253,Tropical / Equatorial,37.2,Altocumulus,0.2566,5.776,55.61,22.34,1017.79,0.5,6171.0
2026-07-12T10:00:00+00:00,BR,Brazil,-14.235,-51.9253,Tropical / Equatorial,33.21,Altocumulus,0.3221,4.057,50.78,24.61,1016.84,0.5,6829.2
2026-07-12T11:00:00+00:00,BR,Brazil,-14.235,-51.9253,Tropical / Equatorial,32.64,Altocumulus,0.1651,3.421,55.49,24.37,1018.42,0.5,8295.5
2026-07-12T12:00:00+00:00,BR,Brazil,-14.235,-51.9253,Tropical / Equatorial,31.37,Altocumulus,0.2578,2.407,53.39,21.79,1014.78,0.5,8047.9
2026-07-12T13:00:00+00:00,BR,Brazil,-14.235,-51.9253,Tropical / Equatorial,29.97,Cumulus,0.1725,4.219,51.83,23.22,1015.65,0.5,4183.7
2026-07-12T14:00:00+00:00,BR,Brazil,-14.235,-51.9253,Tropical / Equatorial,39.76,Cirrus,0.3492,1.889,53.62,26.7,1015.68,0.5,5009.5
2026-07-12T15:00:00+00:00,BR,Brazil,-14.235,-51.9253,Tropical / Equatorial,33.36,Cumulus,0.1666,1.897,52.42,19.62,1013.59,0.5,5678.3
2026-07-12T16:00:00+00:00,BR,Brazil,-14.235,-51.9253,Tropical / Equatorial,28.13,Cirrus,0.3343,4.233,52.11,23.34,1016.89,0.5,8293.6
2026-07-12T17:00:00+00:00,BR,Brazil,-14.235,-51.9253,Tropical / Equatorial,26.75,Cirrus,0.2006,1.606,61.83,17.42,1019.32,0.5,3589.9
2026-07-12T18:00:00+00:00,BR,Brazil,-14.235,-51.9253,Tropical / Equatorial,28.23,Cirrus,0.2969,3.417,58.18,18.09,1014.79,0.5,6712.8
2026-07-12T19:00:00+00:00,BR,Brazil,-14.235,-51.9253,Tropical / Equatorial,35.58,Cumulus,0.2589,2.173,60.32,19.08,1015.36,0.5,6061.1
2026-07-12T20:00:00+00:00,BR,Brazil,-14.235,-51.9253,Tropical / Equatorial,35.04,Altocumulus,0.2482,3.772,61.69,17.14,1014.54,0.5,5544.1
2026-07-12T21:00:00+00:00,BR,Brazil,-14.235,-51.9253,Tropical / Equatorial,32.29,Cumulus,0.2563,1.772,68.69,17.46,1017.25,0.5,5588.1
2026-07-12T22:00:00+00:00,BR,Brazil,-14.235,-51.9253,Tropical / Equatorial,26.34,Cumulus,0.2871,3.995,64.85,16.56,1017.53,0.5,6522.2
2026-07-12T23:00:00+00:00,BR,Brazil,-14.235,-51.9253,Tropical / Equatorial,27.21,Altocumulus,0.3103,5.848,64.79,11.49,1017.5,0.5,8987.5
2026-07-13T00:00:00+00:00,BR,Brazil,-14.235,-51.9253,Tropical / Equatorial,32.02,Cirrus,0.2479,1.914,69.26,13.15,1016.21,0.5,7395.2
2026-07-13T01:00:00+00:00,BR,Brazil,-14.235,-51.9253,Tropical / Equatorial,29.68,Cumulus,0.3469,1.183,62.22,14.71,1013.93,0.5,8259.7
2026-07-13T02:00:00+00:00,BR,Brazil,-14.235,-51.9253,Tropical / Equatorial,35.51,Cirrus,0.1618,1.936,65.5,15.19,1017.0,0.5,4414.5
2026-07-13T03:00:00+00:00,BR,Brazil,-14.235,-51.9253,Tropical / Equatorial,38.21,Altocumulus,0.1735,1.139,66.81,15.27,1014.24,0.5,8308.0
2026-07-13T04:00:00+00:00,BR,Brazil,-14.235,-51.9253,Tropical / Equatorial,36.82,Altocumulus,0.2147,2.747,66.26,15.67,1014.28,0.5,6126.2
2026-07-13T05:00:00+00:00,BR,Brazil,-14.235,-51.9253,Tropical / Equatorial,43.33,Cirrus,0.2844,2.446,60.51,18.89,1014.87,0.5,3799.5
2026-07-13T06:00:00+00:00,BR,Brazil,-14.235,-51.9253,Tropical / Equatorial,34.56,Cirrus,0.2991,3.085,62.14,19.93,1013.2,0.5,3629.0
2026-07-13T07:00:00+00:00,BR,Brazil,-14.235,-51.9253,Tropical / Equatorial,34.67,Cirrus,0.2898,3.547,56.27,19.93,1014.3,0.5,6469.8
2026-07-13T08:00:00+00:00,BR,Brazil,-14.235,-51.9253,Tropical / Equatorial,35.74,Altocumulus,0.2411,3.032,55.16,22.99,1017.68,0.5,8679.7
2026-07-13T09:00:00+00:00,BR,Brazil,-14.235,-51.9253,Tropical / Equatorial,39.16,Cirrus,0.1786,1.915,55.17,23.55,1013.25,0.5,5378.4
2026-07-13T10:00:00+00:00,BR,Brazil,-14.235,-51.9253,Tropical / Equatorial,39.98,Altocumulus,0.2457,5.421,54.66,22.95,1015.56,0.5,7896.8
2026-07-13T11:00:00+00:00,BR,Brazil,-14.235,-51.9253,Tropical / Equatorial,39.35,Cumulus,0.3455,2.434,56.27,22.82,1017.51,0.5,8370.7
2026-07-13T12:00:00+00:00,BR,Brazil,-14.235,-51.9253,Tropical / Equatorial,41.06,Cumulus,0.2125,3.516,54.41,24.17,1016.24,0.5,7830.2
2026-07-13T13:00:00+00:00,BR,Brazil,-14.235,-51.9253,Tropical / Equatorial,39.49,Altocumulus,0.2319,5.42,50.85,25.14,1017.48,0.5,7106.4
2026-07-13T14:00:00+00:00,BR,Brazil,-14.235,-51.9253,Tropical / Equatorial,44.58,Cumulus,0.3328,1.481,51.83,26.33,1016.94,0.5,8823.2
2026-07-13T15:00:00+00:00,BR,Brazil,-14.235,-51.9253,Tropical / Equatorial,44.46,Cumulus,0.2896,5.132,55.68,24.29,1013.4,0.5,8660.1
2026-07-13T16:00:00+00:00,BR,Brazil,-14.235,-51.9253,Tropical / Equatorial,45.85,Cirrus,0.3796,1.822,61.37,20.93,1014.59,0.5,3786.3
2026-07-13T17:00:00+00:00,BR,Brazil,-14.235,-51.9253,Tropical / Equatorial,33.31,Cumulus,0.1724,3.74,54.39,21.64,1016.66,0.5,3772.3
2026-07-13T18:00:00+00:00,BR,Brazil,-14.235,-51.9253,Tropical / Equatorial,48.66,Cirrus,0.2925,5.978,60.47,18.72,1012.38,0.5,3869.5
2026-07-13T19:00:00+00:00,BR,Brazil,-14.235,-51.9253,Tropical / Equatorial,46.6,Cirrus,0.3351,2.556,61.86,19.07,1013.9,0.5,7986.3
2026-07-13T20:00:00+00:00,BR,Brazil,-14.235,-51.9253,Tropical / Equatorial,37.63,Cirrus,0.3754,2.984,59.78,16.76,1014.13,0.5,8549.8
2026-07-13T21:00:00+00:00,BR,Brazil,-14.235,-51.9253,Tropical / Equatorial,48.59,Cumulus,0.3332,4.778,61.73,17.15,1014.1,0.5,5338.9
2026-07-13T22:00:00+00:00,BR,Brazil,-14.235,-51.9253,Tropical / Equatorial,50.47,Cumulus,0.4915,13.048,65.62,13.78,1013.37,0.5,2001.5
2026-07-13T23:00:00+00:00,BR,Brazil,-14.235,-51.9253,Tropical / Equatorial,45.73,Cirrus,0.2593,2.137,63.12,13.55,1014.1,0.5,7533.1
2026-07-14T00:00:00+00:00,BR,Brazil,-14.235,-51.9253,Tropical / Equatorial,48.19,Altocumulus,0.2505,2.799,66.88,16.7,1015.13,0.5,3918.0
2026-07-14T01:00:00+00:00,BR,Brazil,-14.235,-51.9253,Tropical / Equatorial,55.7,Stratocumulus,0.4804,9.156,71.07,15.88,1013.54,0.5,1608.2
2026-07-14T02:00:00+00:00,BR,Brazil,-14.235,-51.9253,Tropical / Equatorial,57.59,Cumulus,0.3549,10.329,70.95,14.99,1013.81,0.5,2025.1
2026-07-14T03:00:00+00:00,BR,Brazil,-14.235,-51.9253,Tropical / Equatorial,55.21,Altocumulus,0.3868,10.73,64.74,16.76,1012.69,0.5,1618.8
2026-07-14T04:00:00+00:00,BR,Brazil,-14.235,-51.9253,Tropical / Equatorial,52.72,Cumulus,0.6469,8.831,59.59,15.67,1012.25,0.5,1610.4
2026-07-14T05:00:00+00:00,BR,Brazil,-14.235,-51.9253,Tropical / Equatorial,53.84,Stratocumulus,0.4003,8.237,56.53,19.18,1011.28,0.5,2550.4
2026-07-14T06:00:00+00:00,BR,Brazil,-14.235,-51.9253,Tropical / Equatorial,51.74,Stratocumulus,0.5016,13.255,57.67,19.13,1013.56,0.5,2661.7
2026-07-14T07:00:00+00:00,BR,Brazil,-14.235,-51.9253,Tropical / Equatorial,49.2,Cirrus,0.1765,4.86,56.94,20.85,1012.5,0.5,8462.6
2026-07-14T08:00:00+00:00,BR,Brazil,-14.235,-51.9253,Tropical / Equatorial,40.68,Altocumulus,0.2396,2.134,56.78,20.43,1017.5,0.5,6219.8
2026-07-14T09:00:00+00:00,BR,Brazil,-14.235,-51.9253,Tropical / Equatorial,47.76,Cirrus,0.1535,2.796,53.13,22.63,1015.82,0.5,8498.8
2026-07-14T10:00:00+00:00,BR,Brazil,-14.235,-51.9253,Tropical / Equatorial,53.95,Altocumulus,0.3911,11.467,48.62,25.67,1010.92,0.5,1086.5
2026-07-14T11:00:00+00:00,BR,Brazil,-14.235,-51.9253,Tropical / Equatorial,61.65,Cumulus,0.5203,5.486,46.04,24.85,1015.4,0.5,1698.8
2026-07-14T12:00:00+00:00,BR,Brazil,-14.235,-51.9253,Tropical / Equatorial,47.86,Altocumulus,0.1815,1.661,50.24,24.8,1014.24,0.5,3750.0
2026-07-14T13:00:00+00:00,BR,Brazil,-14.235,-51.9253,Tropical / Equatorial,50.18,Altocumulus,0.6277,9.405,54.96,23.71,1013.71,0.5,2786.1
2026-07-14T14:00:00+00:00,BR,Brazil,-14.235,-51.9253,Tropical / Equatorial,35.99,Cumulus,0.1677,4.344,53.32,22.31,1017.46,0.5,5323.2
2026-07-14T15:00:00+00:00,BR,Brazil,-14.235,-51.9253,Tropical / Equatorial,48.38,Cirrus,0.1836,2.021,58.06,22.13,1011.92,0.5,7654.2
2026-07-14T16:00:00+00:00,BR,Brazil,-14.235,-51.9253,Tropical / Equatorial,44.09,Cirrus,0.3414,3.638,56.72,21.97,1013.69,0.5,8000.7
2026-07-14T17:00:00+00:00,BR,Brazil,-14.235,-51.9253,Tropical / Equatorial,47.65,Cumulus,0.3739,4.054,56.6,21.37,1013.31,0.5,6310.2
2026-07-14T18:00:00+00:00,BR,Brazil,-14.235,-51.9253,Tropical / Equatorial,38.89,Cumulus,0.3395,2.078,61.15,20.82,1015.97,0.5,6752.4
2026-07-14T19:00:00+00:00,BR,Brazil,-14.235,-51.9253,Tropical / Equatorial,40.23,Cirrus,0.2365,5.97,57.37,16.26,1017.65,0.5,4325.7
2026-07-14T20:00:00+00:00,BR,Brazil,-14.235,-51.9253,Tropical / Equatorial,47.09,Cirrus,0.3565,4.585,58.26,15.89,1013.78,0.5,4640.8
2026-07-14T21:00:00+00:00,BR,Brazil,-14.235,-51.9253,Tropical / Equatorial,42.25,Cumulus,0.1911,1.602,61.0,16.1,1014.3,0.5,8327.3
2026-07-14T22:00:00+00:00,BR,Brazil,-14.235,-51.9253,Tropical / Equatorial,50.15,Stratocumulus,0.5281,16.61,64.23,14.75,1012.38,0.5,1513.8
2026-07-14T23:00:00+00:00,BR,Brazil,-14.235,-51.9253,Tropical / Equatorial,45.75,Cumulus,0.2423,3.043,62.98,15.42,1011.3,0.5,4370.5
2026-07-15T00:00:00+00:00,BR,Brazil,-14.235,-51.9253,Tropical / Equatorial,31.06,Cumulus,0.3796,4.58,64.69,16.12,1016.52,0.5,8910.4
2026-07-15T01:00:00+00:00,BR,Brazil,-14.235,-51.9253,Tropical / Equatorial,34.49,Cirrus,0.3119,5.44,69.79,16.63,1012.88,0.5,5177.7
2026-07-15T02:00:00+00:00,BR,Brazil,-14.235,-51.9253,Tropical / Equatorial,42.91,Cumulus,0.2329,3.725,68.1,16.99,1014.41,0.5,6753.2
2026-07-15T03:00:00+00:00,BR,Brazil,-14.235,-51.9253,Tropical / Equatorial,38.28,Cirrus,0.2014,2.962,66.5,16.22,1018.41,0.5,4370.1
2026-07-15T04:00:00+00:00,BR,Brazil,-14.235,-51.9253,Tropical / Equatorial,35.14,Cumulus,0.2835,1.652,69.18,17.93,1017.81,0.5,3501.4
2026-07-15T05:00:00+00:00,BR,Brazil,-14.235,-51.9253,Tropical / Equatorial,30.25,Cumulus,0.2699,1.016,60.24,17.02,1015.75,0.5,5946.1
2026-07-15T06:00:00+00:00,BR,Brazil,-14.235,-51.9253,Tropical / Equatorial,30.25,Cumulus,0.2862,3.57,53.62,19.39,1017.73,0.5,8694.8
2026-07-15T07:00:00+00:00,BR,Brazil,-14.235,-51.9253,Tropical / Equatorial,25.83,Altocumulus,0.3766,1.922,58.27,19.34,1017.67,0.5,6193.1
2026-07-15T08:00:00+00:00,BR,Brazil,-14.235,-51.9253,Tropical / Equatorial,24.54,Cumulus,0.22,4.303,59.42,22.8,1018.14,0.5,3548.3
2026-07-15T09:00:00+00:00,BR,Brazil,-14.235,-51.9253,Tropical / Equatorial,27.4,Cumulus,0.1946,4.729,53.85,23.98,1015.47,0.5,7645.6
2026-07-15T10:00:00+00:00,BR,Brazil,-14.235,-51.9253,Tropical / Equatorial,27.23,Cumulus,0.224,4.342,50.33,23.87,1014.96,0.5,6274.3
2026-07-15T11:00:00+00:00,BR,Brazil,-14.235,-51.9253,Tropical / Equatorial,32.1,Cirrus,0.2655,4.277,54.07,24.66,1016.4,0.5,4257.8
2026-07-15T12:00:00+00:00,BR,Brazil,-14.235,-51.9253,Tropical / Equatorial,26.7,Cumulus,0.3742,4.344,50.56,22.94,1016.68,0.5,8527.2
2026-07-15T13:00:00+00:00,BR,Brazil,-14.235,-51.9253,Tropical / Equatorial,20.72,Cumulus,0.2477,4.006,55.04,25.14,1018.86,0.5,5118.8
2026-07-15T14:00:00+00:00,BR,Brazil,-14.235,-51.9253,Tropical / Equatorial,23.21,Cumulus,0.3552,4.183,56.45,23.77,1016.82,0.5,8173.2
2026-07-15T15:00:00+00:00,BR,Brazil,-14.235,-51.9253,Tropical / Equatorial,11.49,Clear,0.0537,0.581,57.01,22.71,1020.54,0.5,0
2026-07-15T16:00:00+00:00,BR,Brazil,-14.235,-51.9253,Tropical / Equatorial,27.11,Altocumulus,0.1629,2.492,56.48,23.38,1018.61,0.5,3965.2
2026-07-15T17:00:00+00:00,BR,Brazil,-14.235,-51.9253,Tropical / Equatorial,20.78,Cirrus,0.1777,1.347,54.16,22.21,1017.62,0.5,8603.2
2026-07-15T18:00:00+00:00,BR,Brazil,-14.235,-51.9253,Tropical / Equatorial,22.49,Cirrus,0.3476,4.654,57.2,18.21,1016.81,0.5,8918.0
2026-07-15T19:00:00+00:00,BR,Brazil,-14.235,-51.9253,Tropical / Equatorial,18.65,Cumulus,0.3158,1.366,59.62,17.56,1015.03,0.5,7902.4
2026-07-15T20:00:00+00:00,BR,Brazil,-14.235,-51.9253,Tropical / Equatorial,16.95,Altocumulus,0.2498,5.762,61.75,15.47,1019.63,0.5,8385.7
2026-07-15T21:00:00+00:00,BR,Brazil,-14.235,-51.9253,Tropical / Equatorial,22.65,Cirrus,0.2962,5.513,65.88,15.96,1017.65,0.5,6032.5
2026-07-15T22:00:00+00:00,BR,Brazil,-14.235,-51.9253,Tropical / Equatorial,30.47,Cumulus,0.3712,4.816,71.86,15.76,1016.83,0.5,8005.8
2026-07-15T23:00:00+00:00,BR,Brazil,-14.235,-51.9253,Tropical / Equatorial,23.04,Cirrus,0.2308,4.301,72.3,14.64,1017.98,0.5,7141.0
2026-07-16T00:00:00+00:00,BR,Brazil,-14.235,-51.9253,Tropical / Equatorial,29.92,Cumulus,0.3759,2.354,65.86,13.81,1014.85,0.5,5493.6
2026-07-16T01:00:00+00:00,BR,Brazil,-14.235,-51.9253,Tropical / Equatorial,28.9,Cirrus,0.1884,2.047,64.93,13.23,1014.86,0.5,6358.6
2026-07-16T02:00:00+00:00,BR,Brazil,-14.235,-51.9253,Tropical / Equatorial,26.57,Cirrus,0.3226,1.553,65.16,17.63,1016.92,0.5,7458.2
2026-07-16T03:00:00+00:00,BR,Brazil,-14.235,-51.9253,Tropical / Equatorial,18.61,Cumulus,0.3416,1.87,61.75,15.32,1018.84,0.5,5264.3
2026-07-16T04:00:00+00:00,BR,Brazil,-14.235,-51.9253,Tropical / Equatorial,23.69,Altocumulus,0.2647,1.68,64.64,17.33,1015.35,0.5,6434.7
2026-07-16T05:00:00+00:00,BR,Brazil,-14.235,-51.9253,Tropical / Equatorial,24.35,Cumulus,0.1857,4.024,66.12,19.53,1016.59,0.5,7554.7
2026-07-16T06:00:00+00:00,BR,Brazil,-14.235,-51.9253,Tropical / Equatorial,27.43,Cirrus,0.3295,3.274,57.64,21.02,1017.01,0.5,4976.3
2026-07-16T07:00:00+00:00,BR,Brazil,-14.235,-51.9253,Tropical / Equatorial,33.6,Cumulus,0.2475,3.34,60.74,20.37,1016.54,0.5,8890.2
2026-07-16T08:00:00+00:00,BR,Brazil,-14.235,-51.9253,Tropical / Equatorial,21.48,Cumulus,0.1703,3.894,56.01,22.2,1013.76,0.5,6756.5
2026-07-16T09:00:00+00:00,BR,Brazil,-14.235,-51.9253,Tropical / Equatorial,29.3,Altocumulus,0.2728,5.424,53.7,22.82,1014.67,0.5,6581.9
2026-07-16T10:00:00+00:00,BR,Brazil,-14.235,-51.9253,Tropical / Equatorial,28.44,Altocumulus,0.308,1.068,55.66,26.35,1015.91,0.5,6231.3
2026-07-16T11:00:00+00:00,BR,Brazil,-14.235,-51.9253,Tropical / Equatorial,23.89,Cirrus,0.3194,3.737,50.45,23.8,1018.17,0.5,8716.2
2026-07-16T12:00:00+00:00,BR,Brazil,-14.235,-51.9253,Tropical / Equatorial,40.52,Cirrus,0.3111,2.548,52.57,23.22,1015.34,0.5,8105.3
2026-07-16T13:00:00+00:00,BR,Brazil,-14.235,-51.9253,Tropical / Equatorial,34.48,Altocumulus,0.1771,1.769,46.76,25.26,1016.76,0.5,8260.5
2026-07-16T14:00:00+00:00,BR,Brazil,-14.235,-51.9253,Tropical / Equatorial,21.08,Cumulus,0.1656,4.94,56.52,22.26,1016.07,0.5,4339.4
2026-07-16T15:00:00+00:00,BR,Brazil,-14.235,-51.9253,Tropical / Equatorial,31.31,Cirrus,0.3424,5.96,53.47,21.2,1017.35,0.5,3895.5
2026-07-16T16:00:00+00:00,BR,Brazil,-14.235,-51.9253,Tropical / Equatorial,40.96,Cumulus,0.3594,4.878,57.49,20.97,1014.21,0.5,4117.9
2026-07-16T17:00:00+00:00,BR,Brazil,-14.235,-51.9253,Tropical / Equatorial,42.26,Cumulus,0.3531,4.647,57.74,20.98,1016.01,0.5,7945.8
2026-07-16T18:00:00+00:00,BR,Brazil,-14.235,-51.9253,Tropical / Equatorial,41.81,Cumulus,0.3529,5.832,59.6,18.8,1012.39,0.5,8772.8
2026-07-16T19:00:00+00:00,BR,Brazil,-14.235,-51.9253,Tropical / Equatorial,39.29,Cirrus,0.3777,2.303,64.33,19.05,1012.51,0.5,7060.7
2026-07-16T20:00:00+00:00,BR,Brazil,-14.235,-51.9253,Tropical / Equatorial,40.68,Cumulus,0.1944,1.491,68.51,15.44,1014.98,0.5,6606.8
2026-07-16T21:00:00+00:00,BR,Brazil,-14.235,-51.9253,Tropical / Equatorial,44.69,Altocumulus,0.1768,1.323,63.85,16.75,1014.84,0.5,8181.7
2026-07-16T22:00:00+00:00,BR,Brazil,-14.235,-51.9253,Tropical / Equatorial,50.38,Stratocumulus,0.5758,13.545,71.63,16.18,1011.49,0.5,1837.3
2026-07-16T23:00:00+00:00,BR,Brazil,-14.235,-51.9253,Tropical / Equatorial,34.61,Altocumulus,0.3705,5.712,69.89,14.24,1016.35,0.5,4266.3
2026-07-17T00:00:00+00:00,BR,Brazil,-14.235,-51.9253,Tropical / Equatorial,51.59,Cumulus,0.5247,10.25,61.36,13.99,1013.89,0.5,2472.5
2026-07-17T01:00:00+00:00,BR,Brazil,-14.235,-51.9253,Tropical / Equatorial,56.09,Altocumulus,0.4997,16.657,69.01,16.65,1012.37,0.5,2892.9
2026-07-17T02:00:00+00:00,BR,Brazil,-14.235,-51.9253,Tropical / Equatorial,57.37,Cumulus,0.377,12.882,63.18,17.0,1012.38,0.5,2330.8
2026-07-17T03:00:00+00:00,BR,Brazil,-14.235,-51.9253,Tropical / Equatorial,53.11,Altocumulus,0.3862,17.475,63.18,18.09,1012.89,0.5,2680.8
2026-07-17T04:00:00+00:00,BR,Brazil,-14.235,-51.9253,Tropical / Equatorial,63.42,Cumulus,0.5151,8.243,61.84,16.32,1011.59,0.5,1294.4
2026-07-17T05:00:00+00:00,BR,Brazil,-14.235,-51.9253,Tropical / Equatorial,55.43,Cumulus,0.3705,10.526,56.63,18.81,1014.48,0.5,1210.3
2026-07-17T06:00:00+00:00,BR,Brazil,-14.235,-51.9253,Tropical / Equatorial,50.87,Stratocumulus,0.4708,13.493,60.82,19.57,1011.75,0.5,2580.0
2026-07-17T07:00:00+00:00,BR,Brazil,-14.235,-51.9253,Tropical / Equatorial,52.59,Altocumulus,0.4571,8.871,62.93,20.52,1013.06,0.5,2791.8
2026-07-17T08:00:00+00:00,BR,Brazil,-14.235,-51.9253,Tropical / Equatorial,48.97,Cirrus,0.2531,5.226,54.79,20.7,1014.33,0.5,5102.1
2026-07-17T09:00:00+00:00,BR,Brazil,-14.235,-51.9253,Tropical / Equatorial,56.83,Cumulus,0.5348,10.023,57.09,21.24,1016.01,0.5,1659.8
2026-07-17T10:00:00+00:00,BR,Brazil,-14.235,-51.9253,Tropical / Equatorial,67.11,Altocumulus,0.5841,16.587,51.57,23.93,1012.44,0.5,2746.1
2026-07-17T11:00:00+00:00,BR,Brazil,-14.235,-51.9253,Tropical / Equatorial,60.17,Stratocumulus,0.361,14.641,54.72,25.46,1012.68,0.5,2239.8
2026-07-17T12:00:00+00:00,BR,Brazil,-14.235,-51.9253,Tropical / Equatorial,62.44,Cumulus,0.6221,10.21,51.37,24.58,1010.45,0.5,1275.5
2026-07-17T13:00:00+00:00,BR,Brazil,-14.235,-51.9253,Tropical / Equatorial,61.65,Stratocumulus,0.4431,14.085,52.88,23.85,1012.46,0.5,2005.3
2026-07-17T14:00:00+00:00,BR,Brazil,-14.235,-51.9253,Tropical / Equatorial,60.81,Altocumulus,0.4818,7.406,51.47,23.09,1013.13,0.5,2549.2
2026-07-17T15:00:00+00:00,BR,Brazil,-14.235,-51.9253,Tropical / Equatorial,57.45,Cumulus,0.5741,14.238,53.12,24.07,1010.45,0.5,1353.6
2026-07-17T16:00:00+00:00,BR,Brazil,-14.235,-51.9253,Tropical / Equatorial,59.52,Stratocumulus,0.5474,5.608,55.02,21.6,1013.26,0.5,2874.7
2026-07-17T17:00:00+00:00,BR,Brazil,-14.235,-51.9253,Tropical / Equatorial,55.69,Cumulus,0.3593,9.858,59.54,19.93,1010.86,0.5,2380.7
2026-07-17T18:00:00+00:00,BR,Brazil,-14.235,-51.9253,Tropical / Equatorial,52.25,Altocumulus,0.4057,11.071,60.6,22.26,1013.26,0.5,2682.3
2026-07-17T19:00:00+00:00,BR,Brazil,-14.235,-51.9253,Tropical / Equatorial,54.04,Cumulus,0.6197,5.126,62.97,17.3,1012.98,0.5,1995.4
2026-07-17T20:00:00+00:00,BR,Brazil,-14.235,-51.9253,Tropical / Equatorial,58.86,Stratocumulus,0.497,15.155,62.69,20.22,1012.66,0.5,1755.9
2026-07-17T21:00:00+00:00,BR,Brazil,-14.235,-51.9253,Tropical / Equatorial,59.92,Cumulus,0.4439,17.901,67.78,14.17,1013.52,0.5,1244.2
2026-07-17T22:00:00+00:00,BR,Brazil,-14.235,-51.9253,Tropical / Equatorial,55.34,Cumulus,0.5116,10.324,69.94,13.98,1010.81,0.5,2816.9
2026-07-17T23:00:00+00:00,BR,Brazil,-14.235,-51.9253,Tropical / Equatorial,68.42,Stratocumulus,0.5668,12.743,67.13,12.42,1011.23,0.5,1959.5
2026-07-18T00:00:00+00:00,BR,Brazil,-14.235,-51.9253,Tropical / Equatorial,58.13,Altocumulus,0.6204,14.194,67.91,14.41,1011.19,0.5,1154.1
2026-07-18T01:00:00+00:00,BR,Brazil,-14.235,-51.9253,Tropical / Equatorial,63.67,Altocumulus,0.5869,17.344,69.07,13.43,1012.32,0.5,2218.2
2026-07-18T02:00:00+00:00,BR,Brazil,-14.235,-51.9253,Tropical / Equatorial,53.12,Stratocumulus,0.4212,11.373,62.39,15.08,1012.42,0.5,1040.1
2026-07-18T03:00:00+00:00,BR,Brazil,-14.235,-51.9253,Tropical / Equatorial,48.91,Cumulus,0.1549,5.014,66.29,16.37,1012.64,0.5,5173.9
2026-07-18T04:00:00+00:00,BR,Brazil,-14.235,-51.9253,Tropical / Equatorial,54.41,Cumulus,0.4537,14.775,72.76,19.14,1012.37,0.5,2530.4
2026-07-18T05:00:00+00:00,BR,Brazil,-14.235,-51.9253,Tropical / Equatorial,57.54,Altocumulus,0.5092,13.597,57.92,17.69,1013.13,0.5,2271.4
2026-07-18T06:00:00+00:00,BR,Brazil,-14.235,-51.9253,Tropical / Equatorial,44.41,Cirrus,0.2618,4.612,57.53,18.33,1012.53,0.5,4230.9
2026-07-18T07:00:00+00:00,BR,Brazil,-14.235,-51.9253,Tropical / Equatorial,56.63,Cumulus,0.4441,6.304,56.81,20.57,1013.56,0.5,1567.7
2026-07-18T08:00:00+00:00,BR,Brazil,-14.235,-51.9253,Tropical / Equatorial,52.47,Altocumulus,0.539,9.524,59.61,23.07,1013.33,0.5,2485.3
2026-07-18T09:00:00+00:00,BR,Brazil,-14.235,-51.9253,Tropical / Equatorial,40.55,Altocumulus,0.2319,4.872,52.42,23.87,1012.5,0.5,7279.6
2026-07-18T10:00:00+00:00,BR,Brazil,-14.235,-51.9253,Tropical / Equatorial,59.55,Altocumulus,0.6052,17.904,55.98,23.71,1012.94,0.5,1146.1
2026-07-18T11:00:00+00:00,BR,Brazil,-14.235,-51.9253,Tropical / Equatorial,49.28,Cumulus,0.3156,2.757,54.19,23.44,1014.3,0.5,3787.1
2026-07-18T12:00:00+00:00,BR,Brazil,-14.235,-51.9253,Tropical / Equatorial,47.62,Altocumulus,0.3427,5.811,52.74,23.29,1014.89,0.5,3778.1
2026-07-18T13:00:00+00:00,BR,Brazil,-14.235,-51.9253,Tropical / Equatorial,40.48,Altocumulus,0.2572,2.612,54.16,22.85,1014.66,0.5,4917.9
2026-07-18T14:00:00+00:00,BR,Brazil,-14.235,-51.9253,Tropical / Equatorial,42.23,Cumulus,0.248,5.16,50.9,25.46,1015.06,0.5,3695.0
2026-07-18T15:00:00+00:00,BR,Brazil,-14.235,-51.9253,Tropical / Equatorial,34.5,Altocumulus,0.2705,3.715,56.49,21.57,1016.95,0.5,7525.2
2026-07-18T16:00:00+00:00,BR,Brazil,-14.235,-51.9253,Tropical / Equatorial,42.85,Altocumulus,0.3155,2.589,53.52,20.72,1014.5,0.5,5595.1
2026-07-18T17:00:00+00:00,BR,Brazil,-14.235,-51.9253,Tropical / Equatorial,48.04,Altocumulus,0.326,3.461,65.19,22.62,1015.62,0.5,8515.0
2026-07-18T18:00:00+00:00,BR,Brazil,-14.235,-51.9253,Tropical / Equatorial,36.25,Altocumulus,0.2566,2.809,59.9,19.16,1015.61,0.5,3944.1
2026-07-18T19:00:00+00:00,BR,Brazil,-14.235,-51.9253,Tropical / Equatorial,33.41,Cirrus,0.329,5.854,63.39,17.8,1015.23,0.5,6771.9
2026-07-18T20:00:00+00:00,BR,Brazil,-14.235,-51.9253,Tropical / Equatorial,37.73,Cirrus,0.2748,5.963,62.33,18.68,1015.25,0.5,4338.4
2026-07-18T21:00:00+00:00,BR,Brazil,-14.235,-51.9253,Tropical / Equatorial,36.15,Cirrus,0.3438,5.744,68.18,17.72,1015.37,0.5,5209.5
2026-07-18T22:00:00+00:00,BR,Brazil,-14.235,-51.9253,Tropical / Equatorial,40.85,Altocumulus,0.269,4.95,61.83,16.76,1016.78,0.5,4405.7
2026-07-18T23:00:00+00:00,BR,Brazil,-14.235,-51.9253,Tropical / Equatorial,36.4,Cumulus,0.3058,1.601,71.2,14.42,1017.98,0.5,5026.6
2026-07-19T00:00:00+00:00,BR,Brazil,-14.235,-51.9253,Tropical / Equatorial,32.57,Cumulus,0.2865,4.978,72.14,14.97,1016.04,0.5,4224.1
2026-07-19T01:00:00+00:00,BR,Brazil,-14.235,-51.9253,Tropical / Equatorial,40.9,Cumulus,0.3598,4.861,67.45,13.14,1011.79,0.5,6185.5
2026-07-19T02:00:00+00:00,BR,Brazil,-14.235,-51.9253,Tropical / Equatorial,52.09,Stratocumulus,0.4151,15.919,60.54,13.76,1011.55,0.5,2316.4
2026-07-19T03:00:00+00:00,BR,Brazil,-14.235,-51.9253,Tropical / Equatorial,37.92,Cirrus,0.2422,5.68,64.31,15.35,1013.16,0.5,4685.9
2026-07-19T04:00:00+00:00,BR,Brazil,-14.235,-51.9253,Tropical / Equatorial,44.56,Cirrus,0.3097,1.846,64.49,18.8,1015.23,0.5,7737.6
2026-07-19T05:00:00+00:00,BR,Brazil,-14.235,-51.9253,Tropical / Equatorial,38.16,Cumulus,0.3595,4.059,65.07,18.05,1014.1,0.5,5723.1
2026-07-19T06:00:00+00:00,BR,Brazil,-14.235,-51.9253,Tropical / Equatorial,36.46,Cumulus,0.3072,1.185,63.28,18.71,1011.91,0.5,5866.9
2026-07-19T07:00:00+00:00,BR,Brazil,-14.235,-51.9253,Tropical / Equatorial,38.78,Cirrus,0.3769,5.62,56.51,22.91,1013.58,0.5,5998.5
2026-07-19T08:00:00+00:00,BR,Brazil,-14.235,-51.9253,Tropical / Equatorial,39.28,Cumulus,0.1538,4.393,55.52,24.73,1016.37,0.5,4305.5
2026-07-19T09:00:00+00:00,BR,Brazil,-14.235,-51.9253,Tropical / Equatorial,43.41,Cumulus,0.248,5.268,53.12,22.18,1013.86,0.5,6082.2
2026-07-19T10:00:00+00:00,BR,Brazil,-14.235,-51.9253,Tropical / Equatorial,38.37,Cumulus,0.2873,3.256,47.9,21.19,1015.22,0.5,6663.8
2026-07-19T11:00:00+00:00,BR,Brazil,-14.235,-51.9253,Tropical / Equatorial,37.79,Altocumulus,0.2694,1.481,53.69,24.16,1013.71,0.5,3758.6
2026-07-19T12:00:00+00:00,BR,Brazil,-14.235,-51.9253,Tropical / Equatorial,37.82,Altocumulus,0.2406,2.329,49.64,23.79,1014.97,0.5,4539.2
2026-07-19T13:00:00+00:00,BR,Brazil,-14.235,-51.9253,Tropical / Equatorial,41.32,Cumulus,0.3187,3.183,51.9,24.17,1014.51,0.5,7436.5
2026-07-19T14:00:00+00:00,BR,Brazil,-14.235,-51.9253,Tropical / Equatorial,46.07,Cirrus,0.263,4.226,52.35,25.31,1014.6,0.5,7027.4
2026-07-19T15:00:00+00:00,BR,Brazil,-14.235,-51.9253,Tropical / Equatorial,48.65,Altocumulus,0.2015,3.469,53.69,23.84,1015.72,0.5,7588.0
2026-07-19T16:00:00+00:00,BR,Brazil,-14.235,-51.9253,Tropical / Equatorial,48.49,Cirrus,0.3271,3.15,55.93,21.31,1012.65,0.5,8084.4
2026-07-19T17:00:00+00:00,BR,Brazil,-14.235,-51.9253,Tropical / Equatorial,52.4,Cumulus,0.5556,6.887,57.44,19.55,1014.83,0.5,2849.6
2026-07-19T18:00:00+00:00,BR,Brazil,-14.235,-51.9253,Tropical / Equatorial,51.84,Cumulus,0.3574,17.427,60.65,19.74,1015.13,0.5,2057.7
2026-07-19T19:00:00+00:00,BR,Brazil,-14.235,-51.9253,Tropical / Equatorial,50.8,Cumulus,0.4445,16.158,62.43,16.29,1011.99,0.5,2822.8
2026-07-19T20:00:00+00:00,BR,Brazil,-14.235,-51.9253,Tropical / Equatorial,58.89,Altocumulus,0.6078,17.753,61.07,15.41,1011.35,0.5,2989.2
2026-07-19T21:00:00+00:00,BR,Brazil,-14.235,-51.9253,Tropical / Equatorial,62.13,Stratocumulus,0.4365,14.712,65.09,14.29,1010.48,0.5,1049.9
2026-07-19T22:00:00+00:00,BR,Brazil,-14.235,-51.9253,Tropical / Equatorial,57.4,Cumulus,0.423,12.876,67.78,13.21,1008.65,0.5,2991.4
2026-07-19T23:00:00+00:00,BR,Brazil,-14.235,-51.9253,Tropical / Equatorial,66.47,Stratocumulus,0.5303,7.698,66.39,12.62,1012.33,0.5,1814.5
2026-07-20T00:00:00+00:00,BR,Brazil,-14.235,-51.9253,Tropical / Equatorial,52.31,Stratocumulus,0.563,7.751,68.37,15.98,1014.65,0.5,2075.0
2026-07-20T01:00:00+00:00,BR,Brazil,-14.235,-51.9253,Tropical / Equatorial,61.92,Altocumulus,0.3781,17.349,70.36,14.61,1016.09,0.5,2786.1
2026-07-20T02:00:00+00:00,BR,Brazil,-14.235,-51.9253,Tropical / Equatorial,61.99,Cumulus,0.479,10.65,63.84,15.66,1010.11,0.5,2232.6
2026-07-20T03:00:00+00:00,BR,Brazil,-14.235,-51.9253,Tropical / Equatorial,68.17,Cumulus,0.5802,16.42,65.52,13.44,1011.74,0.5,1810.6
2026-07-20T04:00:00+00:00,BR,Brazil,-14.235,-51.9253,Tropical / Equatorial,73.83,Altocumulus,0.4249,14.673,58.36,16.34,1010.27,0.5,2976.9
2026-07-20T05:00:00+00:00,BR,Brazil,-14.235,-51.9253,Tropical / Equatorial,67.28,Altocumulus,0.4272,16.9,59.57,18.85,1011.72,0.5,2867.7
2026-07-20T06:00:00+00:00,BR,Brazil,-14.235,-51.9253,Tropical / Equatorial,61.4,Stratocumulus,0.4832,5.368,60.75,18.49,1010.66,0.5,1364.0
2026-07-20T07:00:00+00:00,BR,Brazil,-14.235,-51.9253,Tropical / Equatorial,63.28,Cumulus,0.4707,15.63,61.69,22.96,1011.09,0.5,2975.4
2026-07-20T08:00:00+00:00,BR,Brazil,-14.235,-51.9253,Tropical / Equatorial,71.21,Cumulus,0.4769,10.55,57.0,21.21,1009.42,0.5,2994.4
2026-07-20T09:00:00+00:00,BR,Brazil,-14.235,-51.9253,Tropical / Equatorial,73.98,Cumulus,0.5613,7.548,58.66,24.77,1009.48,0.5,1925.3
2026-07-20T10:00:00+00:00,BR,Brazil,-14.235,-51.9253,Tropical / Equatorial,71.33,Cumulus,0.4134,17.646,46.12,25.2,1007.83,0.5,2828.9
2026-07-20T11:00:00+00:00,BR,Brazil,-14.235,-51.9253,Tropical / Equatorial,78.94,Altocumulus,0.4696,11.362,55.17,23.83,1008.4,0.5,1637.7
2026-07-20T12:00:00+00:00,BR,Brazil,-14.235,-51.9253,Tropical / Equatorial,65.36,Stratocumulus,0.6491,16.671,51.97,23.83,1009.26,0.5,1827.4
2026-07-20T13:00:00+00:00,BR,Brazil,-14.235,-51.9253,Tropical / Equatorial,66.41,Stratocumulus,0.5923,14.152,48.0,22.27,1009.17,0.5,2678.9
2026-07-20T14:00:00+00:00,BR,Brazil,-14.235,-51.9253,Tropical / Equatorial,73.26,Altocumulus,0.4948,15.56,51.78,23.0,1008.81,0.5,1769.8
2026-07-20T15:00:00+00:00,BR,Brazil,-14.235,-51.9253,Tropical / Equatorial,74.91,Stratocumulus,0.6112,10.111,53.87,22.21,1008.47,0.5,1873.6
2026-07-20T16:00:00+00:00,BR,Brazil,-14.235,-51.9253,Tropical / Equatorial,63.47,Stratocumulus,0.4504,8.212,56.26,21.4,1010.25,0.5,1726.8
2026-07-20T17:00:00+00:00,BR,Brazil,-14.235,-51.9253,Tropical / Equatorial,66.24,Altocumulus,0.5595,9.072,53.84,22.52,1008.04,0.5,1411.1
2026-07-20T18:00:00+00:00,BR,Brazil,-14.235,-51.9253,Tropical / Equatorial,73.55,Cumulus,0.6057,8.227,57.04,19.54,1009.49,0.5,1845.6
2026-07-20T19:00:00+00:00,BR,Brazil,-14.235,-51.9253,Tropical / Equatorial,66.07,Altocumulus,0.5993,10.58,63.76,17.81,1009.85,0.5,2381.2
2026-07-20T20:00:00+00:00,BR,Brazil,-14.235,-51.9253,Tropical / Equatorial,71.03,Stratocumulus,0.6247,12.579,60.93,18.05,1009.84,0.5,1069.6
2026-07-20T21:00:00+00:00,BR,Brazil,-14.235,-51.9253,Tropical / Equatorial,67.85,Cumulus,0.6152,11.465,66.26,16.24,1009.76,0.5,1309.1
2026-07-20T22:00:00+00:00,BR,Brazil,-14.235,-51.9253,Tropical / Equatorial,63.75,Cumulus,0.597,15.886,67.8,16.38,1012.43,0.5,1768.3
2026-07-20T23:00:00+00:00,BR,Brazil,-14.235,-51.9253,Tropical / Equatorial,55.58,Stratocumulus,0.5229,5.589,64.98,14.99,1014.02,0.5,1338.9
2026-07-21T00:00:00+00:00,BR,Brazil,-14.235,-51.9253,Tropical / Equatorial,74.88,Cumulus,0.3831,9.34,65.72,14.18,1008.17,0.5,2789.1
2026-07-21T01:00:00+00:00,BR,Brazil,-14.235,-51.9253,Tropical / Equatorial,63.07,Stratocumulus,0.4236,7.753,65.02,16.75,1012.08,0.5,1258.8
2026-07-21T02:00:00+00:00,BR,Brazil,-14.235,-51.9253,Tropical / Equatorial,63.78,Cumulus,0.636,17.979,65.68,15.78,1011.33,0.5,1337.0
2026-07-21T03:00:00+00:00,BR,Brazil,-14.235,-51.9253,Tropical / Equatorial,61.66,Altocumulus,0.6041,17.992,66.62,14.71,1009.66,0.5,1779.8
2026-07-21T04:00:00+00:00,BR,Brazil,-14.235,-51.9253,Tropical / Equatorial,58.36,Altocumulus,0.3676,13.995,63.71,18.06,1011.92,0.5,1166.8
2026-07-21T05:00:00+00:00,BR,Brazil,-14.235,-51.9253,Tropical / Equatorial,55.99,Stratocumulus,0.5686,14.741,63.66,16.14,1012.51,0.5,1093.4
2026-07-21T06:00:00+00:00,BR,Brazil,-14.235,-51.9253,Tropical / Equatorial,57.07,Stratocumulus,0.378,12.392,55.16,19.25,1014.12,0.5,2766.4
2026-07-21T07:00:00+00:00,BR,Brazil,-14.235,-51.9253,Tropical / Equatorial,54.28,Cumulus,0.4412,16.152,58.67,21.82,1012.99,0.5,2236.4
2026-07-21T08:00:00+00:00,BR,Brazil,-14.235,-51.9253,Tropical / Equatorial,56.77,Cumulus,0.6073,11.274,56.92,19.88,1009.94,0.5,1311.9
2026-07-21T09:00:00+00:00,BR,Brazil,-14.235,-51.9253,Tropical / Equatorial,48.43,Cirrus,0.2784,4.38,49.2,22.7,1014.68,0.5,8351.1
2026-07-21T10:00:00+00:00,BR,Brazil,-14.235,-51.9253,Tropical / Equatorial,53.59,Cumulus,0.3939,16.531,53.11,21.97,1012.99,0.5,1212.7
2026-07-21T11:00:00+00:00,BR,Brazil,-14.235,-51.9253,Tropical / Equatorial,51.36,Cumulus,0.4203,10.736,50.95,24.04,1009.0,0.5,2747.7
2026-07-21T12:00:00+00:00,BR,Brazil,-14.235,-51.9253,Tropical / Equatorial,59.51,Stratocumulus,0.5557,10.733,53.1,23.93,1012.66,0.5,2902.3
2026-07-21T13:00:00+00:00,BR,Brazil,-14.235,-51.9253,Tropical / Equatorial,47.46,Altocumulus,0.1996,4.396,52.3,22.42,1013.29,0.5,4567.1
2026-07-21T14:00:00+00:00,BR,Brazil,-14.235,-51.9253,Tropical / Equatorial,41.55,Cirrus,0.2203,5.72,56.06,24.54,1013.13,0.5,4909.6
2026-07-21T15:00:00+00:00,BR,Brazil,-14.235,-51.9253,Tropical / Equatorial,44.11,Altocumulus,0.2104,4.383,54.78,22.49,1013.25,0.5,5374.5
2026-07-21T16:00:00+00:00,BR,Brazil,-14.235,-51.9253,Tropical / Equatorial,39.98,Cirrus,0.3151,3.657,59.84,21.75,1012.25,0.5,5959.0
2026-07-21T17:00:00+00:00,BR,Brazil,-14.235,-51.9253,Tropical / Equatorial,46.77,Cirrus,0.1992,3.098,61.76,21.51,1013.31,0.5,6825.7
2026-07-21T18:00:00+00:00,BR,Brazil,-14.235,-51.9253,Tropical / Equatorial,54.63,Cumulus,0.5643,5.595,57.27,18.74,1012.5,0.5,2777.9
2026-07-21T19:00:00+00:00,BR,Brazil,-14.235,-51.9253,Tropical / Equatorial,38.43,Cumulus,0.3778,1.871,66.1,16.65,1015.54,0.5,3590.4
2026-07-21T20:00:00+00:00,BR,Brazil,-14.235,-51.9253,Tropical / Equatorial,38.64,Cirrus,0.362,4.952,63.71,18.48,1013.41,0.5,7384.0
2026-07-21T21:00:00+00:00,BR,Brazil,-14.235,-51.9253,Tropical / Equatorial,40.79,Cirrus,0.283,5.802,67.25,16.02,1014.52,0.5,6578.7
2026-07-21T22:00:00+00:00,BR,Brazil,-14.235,-51.9253,Tropical / Equatorial,36.82,Altocumulus,0.2603,5.752,62.25,15.0,1014.84,0.5,6537.1
2026-07-21T23:00:00+00:00,BR,Brazil,-14.235,-51.9253,Tropical / Equatorial,38.34,Altocumulus,0.3149,3.557,66.83,14.99,1013.18,0.5,7315.7
2026-07-22T00:00:00+00:00,BR,Brazil,-14.235,-51.9253,Tropical / Equatorial,33.9,Altocumulus,0.3244,2.265,64.81,14.63,1017.01,0.5,4305.4
2026-07-22T01:00:00+00:00,BR,Brazil,-14.235,-51.9253,Tropical / Equatorial,30.28,Cirrus,0.3504,3.942,70.18,14.67,1016.03,0.5,8187.5
2026-07-22T02:00:00+00:00,BR,Brazil,-14.235,-51.9253,Tropical / Equatorial,33.86,Cumulus,0.1797,4.935,73.64,12.35,1015.17,0.5,8711.4
2026-07-22T03:00:00+00:00,BR,Brazil,-14.235,-51.9253,Tropical / Equatorial,28.6,Cumulus,0.2732,3.224,62.54,15.71,1017.28,0.5,3622.8
2026-07-22T04:00:00+00:00,BR,Brazil,-14.235,-51.9253,Tropical / Equatorial,36.49,Cirrus,0.2205,1.486,63.03,17.1,1014.22,0.5,8632.9
2026-07-22T05:00:00+00:00,BR,Brazil,-14.235,-51.9253,Tropical / Equatorial,25.74,Cumulus,0.3153,1.983,59.32,20.02,1019.19,0.5,8577.6
2026-07-22T06:00:00+00:00,BR,Brazil,-14.235,-51.9253,Tropical / Equatorial,20.47,Cumulus,0.3103,1.757,63.59,21.58,1018.69,0.5,8999.1
2026-07-22T07:00:00+00:00,BR,Brazil,-14.235,-51.9253,Tropical / Equatorial,28.69,Cumulus,0.1758,5.589,61.26,20.62,1017.7,0.5,3663.7
2026-07-22T08:00:00+00:00,BR,Brazil,-14.235,-51.9253,Tropical / Equatorial,29.1,Cirrus,0.3433,2.397,53.91,20.67,1017.08,0.5,6206.6
2026-07-22T09:00:00+00:00,BR,Brazil,-14.235,-51.9253,Tropical / Equatorial,30.52,Altocumulus,0.3748,5.593,54.8,23.82,1013.97,0.5,5880.1
2026-07-22T10:00:00+00:00,BR,Brazil,-14.235,-51.9253,Tropical / Equatorial,32.14,Cirrus,0.1929,4.033,53.71,24.97,1015.12,0.5,3589.5
2026-07-22T11:00:00+00:00,BR,Brazil,-14.235,-51.9253,Tropical / Equatorial,28.74,Altocumulus,0.3266,3.483,50.37,24.61,1015.49,0.5,6525.0
2026-07-22T12:00:00+00:00,BR,Brazil,-14.235,-51.9253,Tropical / Equatorial,28.52,Cirrus,0.286,4.034,57.22,24.64,1018.29,0.5,8519.4
2026-07-22T13:00:00+00:00,BR,Brazil,-14.235,-51.9253,Tropical / Equatorial,29.25,Cumulus,0.363,1.85,53.69,26.06,1016.4,0.5,8807.2
2026-07-22T14:00:00+00:00,BR,Brazil,-14.235,-51.9253,Tropical / Equatorial,31.76,Cumulus,0.1621,3.343,54.91,23.97,1013.61,0.5,7791.9
2026-07-22T15:00:00+00:00,BR,Brazil,-14.235,-51.9253,Tropical / Equatorial,34.17,Altocumulus,0.2177,1.472,50.94,24.17,1016.33,0.5,6538.4
2026-07-22T16:00:00+00:00,BR,Brazil,-14.235,-51.9253,Tropical / Equatorial,33.88,Altocumulus,0.2534,4.489,55.92,20.38,1016.2,0.5,4339.8
2026-07-22T17:00:00+00:00,BR,Brazil,-14.235,-51.9253,Tropical / Equatorial,27.9,Cirrus,0.2711,1.975,57.96,21.61,1014.32,0.5,6359.2
2026-07-22T18:00:00+00:00,BR,Brazil,-14.235,-51.9253,Tropical / Equatorial,38.99,Cumulus,0.3483,5.003,54.93,17.89,1014.08,0.5,8306.5
2026-07-22T19:00:00+00:00,BR,Brazil,-14.235,-51.9253,Tropical / Equatorial,38.75,Altocumulus,0.1662,5.879,62.29,19.26,1016.17,0.5,8651.9
2026-07-22T20:00:00+00:00,BR,Brazil,-14.235,-51.9253,Tropical / Equatorial,29.92,Cumulus,0.2497,3.467,65.37,17.18,1013.66,0.5,5248.1
2026-07-22T21:00:00+00:00,BR,Brazil,-14.235,-51.9253,Tropical / Equatorial,37.69,Altocumulus,0.2025,2.999,66.53,17.98,1012.46,0.5,6246.4
2026-07-22T22:00:00+00:00,BR,Brazil,-14.235,-51.9253,Tropical / Equatorial,40.0,Cumulus,0.163,5.475,68.58,16.48,1017.63,0.5,5371.4
2026-07-22T23:00:00+00:00,BR,Brazil,-14.235,-51.9253,Tropical / Equatorial,31.98,Cumulus,0.242,3.569,68.88,14.02,1014.38,0.5,4178.1
2026-07-23T00:00:00+00:00,BR,Brazil,-14.235,-51.9253,Tropical / Equatorial,36.63,Altocumulus,0.2907,1.354,59.18,13.08,1015.48,0.5,6346.7
2026-07-23T01:00:00+00:00,BR,Brazil,-14.235,-51.9253,Tropical / Equatorial,45.89,Cirrus,0.266,3.758,66.78,17.16,1012.97,0.5,7127.9
2026-07-23T02:00:00+00:00,BR,Brazil,-14.235,-51.9253,Tropical / Equatorial,36.38,Cumulus,0.333,4.261,65.95,16.06,1018.0,0.5,3593.4
2026-07-23T03:00:00+00:00,BR,Brazil,-14.235,-51.9253,Tropical / Equatorial,40.39,Cumulus,0.2103,2.586,64.34,15.93,1012.99,0.5,8758.3
2026-07-23T04:00:00+00:00,BR,Brazil,-14.235,-51.9253,Tropical / Equatorial,44.95,Cumulus,0.2367,5.423,62.69,17.6,1013.56,0.5,3805.0
2026-07-23T05:00:00+00:00,BR,Brazil,-14.235,-51.9253,Tropical / Equatorial,46.2,Altocumulus,0.1877,4.76,68.89,18.31,1016.62,0.5,6565.4
2026-07-23T06:00:00+00:00,BR,Brazil,-14.235,-51.9253,Tropical / Equatorial,43.55,Cirrus,0.3074,4.927,61.29,18.44,1013.72,0.5,5062.1
2026-07-23T07:00:00+00:00,BR,Brazil,-14.235,-51.9253,Tropical / Equatorial,40.92,Cumulus,0.2976,2.968,63.66,20.76,1016.31,0.5,7786.2
2026-07-23T08:00:00+00:00,BR,Brazil,-14.235,-51.9253,Tropical / Equatorial,46.07,Cirrus,0.2681,2.435,54.23,21.84,1014.83,0.5,4115.4
2026-07-23T09:00:00+00:00,BR,Brazil,-14.235,-51.9253,Tropical / Equatorial,52.83,Stratocumulus,0.4057,14.45,49.09,23.45,1013.53,0.5,1154.4
2026-07-23T10:00:00+00:00,BR,Brazil,-14.235,-51.9253,Tropical / Equatorial,52.81,Altocumulus,0.6193,14.124,51.82,23.81,1014.32,0.5,2121.6
2026-07-23T11:00:00+00:00,BR,Brazil,-14.235,-51.9253,Tropical / Equatorial,49.36,Cirrus,0.359,5.085,54.26,26.16,1013.5,0.5,7641.7
2026-07-23T12:00:00+00:00,BR,Brazil,-14.235,-51.9253,Tropical / Equatorial,46.9,Altocumulus,0.2548,4.346,54.82,24.04,1011.48,0.5,3963.2
2026-07-23T13:00:00+00:00,BR,Brazil,-14.235,-51.9253,Tropical / Equatorial,49.49,Cumulus,0.3125,5.355,54.94,23.98,1013.23,0.5,5704.0
2026-07-23T14:00:00+00:00,BR,Brazil,-14.235,-51.9253,Tropical / Equatorial,44.98,Cirrus,0.3226,4.779,59.46,25.07,1014.77,0.5,7621.5
2026-07-23T15:00:00+00:00,BR,Brazil,-14.235,-51.9253,Tropical / Equatorial,55.05,Cumulus,0.5021,5.03,57.51,25.21,1010.78,0.5,1184.1
2026-07-23T16:00:00+00:00,BR,Brazil,-14.235,-51.9253,Tropical / Equatorial,57.15,Stratocumulus,0.5557,6.601,52.81,21.87,1013.16,0.5,2196.2
2026-07-23T17:00:00+00:00,BR,Brazil,-14.235,-51.9253,Tropical / Equatorial,48.71,Cirrus,0.2922,5.692,58.54,19.28,1014.69,0.5,7927.5
2026-07-23T18:00:00+00:00,BR,Brazil,-14.235,-51.9253,Tropical / Equatorial,52.32,Cumulus,0.5956,16.082,58.64,19.13,1012.02,0.5,1548.0
2026-07-23T19:00:00+00:00,BR,Brazil,-14.235,-51.9253,Tropical / Equatorial,51.75,Stratocumulus,0.5661,9.626,64.19,18.3,1012.61,0.5,1238.6
2026-07-23T20:00:00+00:00,BR,Brazil,-14.235,-51.9253,Tropical / Equatorial,60.58,Stratocumulus,0.4083,12.863,64.64,15.41,1008.38,0.5,1653.8
2026-07-23T21:00:00+00:00,BR,Brazil,-14.235,-51.9253,Tropical / Equatorial,46.37,Cumulus,0.1769,1.687,69.23,16.81,1009.97,0.5,4165.2
2026-07-23T22:00:00+00:00,BR,Brazil,-14.235,-51.9253,Tropical / Equatorial,53.6,Cumulus,0.5779,17.509,61.79,16.42,1013.35,0.5,2515.2
2026-07-23T23:00:00+00:00,BR,Brazil,-14.235,-51.9253,Tropical / Equatorial,48.15,Cumulus,0.2999,2.316,63.88,15.66,1016.36,0.5,8567.3
2026-07-24T00:00:00+00:00,BR,Brazil,-14.235,-51.9253,Tropical / Equatorial,48.23,Altocumulus,0.3601,1.541,67.31,13.07,1016.85,0.5,5372.0
2026-07-24T01:00:00+00:00,BR,Brazil,-14.235,-51.9253,Tropical / Equatorial,48.7,Altocumulus,0.3374,2.52,67.64,16.58,1012.32,0.5,8049.8
2026-07-24T02:00:00+00:00,BR,Brazil,-14.235,-51.9253,Tropical / Equatorial,50.28,Altocumulus,0.484,12.209,67.63,14.33,1015.29,0.5,1003.7
2026-07-24T03:00:00+00:00,BR,Brazil,-14.235,-51.9253,Tropical / Equatorial,45.28,Altocumulus,0.3427,5.589,62.93,16.15,1010.9,0.5,8897.6
2026-07-24T04:00:00+00:00,BR,Brazil,-14.235,-51.9253,Tropical / Equatorial,45.79,Cirrus,0.3425,2.816,64.73,19.3,1014.25,0.5,8452.2
2026-07-24T05:00:00+00:00,BR,Brazil,-14.235,-51.9253,Tropical / Equatorial,42.93,Altocumulus,0.2817,4.288,57.76,18.82,1013.14,0.5,4712.7
2026-07-24T06:00:00+00:00,BR,Brazil,-14.235,-51.9253,Tropical / Equatorial,35.58,Altocumulus,0.3661,5.2,63.56,19.25,1013.69,0.5,5638.3
2026-07-24T07:00:00+00:00,BR,Brazil,-14.235,-51.9253,Tropical / Equatorial,42.98,Cirrus,0.3579,4.264,57.17,21.42,1016.76,0.5,4282.7
2026-07-24T08:00:00+00:00,BR,Brazil,-14.235,-51.9253,Tropical / Equatorial,42.09,Cirrus,0.197,5.821,56.16,22.98,1014.32,0.5,4280.5
2026-07-24T09:00:00+00:00,BR,Brazil,-14.235,-51.9253,Tropical / Equatorial,35.16,Cumulus,0.1763,5.153,54.13,20.21,1014.58,0.5,3923.8
2026-07-24T10:00:00+00:00,BR,Brazil,-14.235,-51.9253,Tropical / Equatorial,43.25,Cirrus,0.2385,2.127,51.98,23.94,1013.4,0.5,4645.8
2026-07-24T11:00:00+00:00,BR,Brazil,-14.235,-51.9253,Tropical / Equatorial,47.49,Cirrus,0.2592,3.015,52.52,23.51,1014.05,0.5,8506.2
2026-07-24T12:00:00+00:00,BR,Brazil,-14.235,-51.9253,Tropical / Equatorial,35.55,Altocumulus,0.2449,2.435,55.22,25.6,1017.11,0.5,8023.4
2026-07-24T13:00:00+00:00,BR,Brazil,-14.235,-51.9253,Tropical / Equatorial,42.57,Cumulus,0.2599,1.271,57.29,23.49,1015.98,0.5,6831.7
2026-07-24T14:00:00+00:00,BR,Brazil,-14.235,-51.9253,Tropical / Equatorial,36.08,Cumulus,0.3511,5.97,49.77,25.87,1014.93,0.5,7243.9
2026-07-24T15:00:00+00:00,BR,Brazil,-14.235,-51.9253,Tropical / Equatorial,27.8,Cumulus,0.2642,3.626,54.95,24.38,1018.04,0.5,8064.2
2026-07-24T16:00:00+00:00,BR,Brazil,-14.235,-51.9253,Tropical / Equatorial,37.16,Cumulus,0.215,2.028,57.41,20.61,1015.14,0.5,4768.2
2026-07-24T17:00:00+00:00,BR,Brazil,-14.235,-51.9253,Tropical / Equatorial,26.67,Cumulus,0.3078,3.959,56.63,21.66,1017.27,0.5,4998.2
2026-07-24T18:00:00+00:00,BR,Brazil,-14.235,-51.9253,Tropical / Equatorial,27.89,Cumulus,0.2219,5.908,61.03,19.65,1013.78,0.5,8325.4
2026-07-24T19:00:00+00:00,BR,Brazil,-14.235,-51.9253,Tropical / Equatorial,27.51,Cirrus,0.179,2.351,61.13,20.63,1017.61,0.5,4038.8
2026-07-24T20:00:00+00:00,BR,Brazil,-14.235,-51.9253,Tropical / Equatorial,36.35,Cumulus,0.1852,3.47,66.04,16.65,1015.45,0.5,7814.0
2026-07-24T21:00:00+00:00,BR,Brazil,-14.235,-51.9253,Tropical / Equatorial,37.58,Cumulus,0.232,4.313,64.46,18.35,1014.49,0.5,8165.9
2026-07-24T22:00:00+00:00,BR,Brazil,-14.235,-51.9253,Tropical / Equatorial,24.66,Cirrus,0.2047,3.042,67.19,16.74,1020.33,0.5,6492.2
2026-07-24T23:00:00+00:00,BR,Brazil,-14.235,-51.9253,Tropical / Equatorial,29.97,Altocumulus,0.2931,3.057,64.23,15.26,1015.95,0.5,8955.4
2026-07-25T00:00:00+00:00,BR,Brazil,-14.235,-51.9253,Tropical / Equatorial,26.14,Cumulus,0.1701,4.713,64.38,14.99,1017.56,0.5,5888.7
2026-07-25T01:00:00+00:00,BR,Brazil,-14.235,-51.9253,Tropical / Equatorial,21.8,Cumulus,0.2176,4.71,67.43,16.26,1017.89,0.5,8643.2
2026-07-25T02:00:00+00:00,BR,Brazil,-14.235,-51.9253,Tropical / Equatorial,15.84,Cirrus,0.3569,3.871,68.7,16.07,1018.55,0.5,8539.8
2026-07-25T03:00:00+00:00,BR,Brazil,-14.235,-51.9253,Tropical / Equatorial,17.6,Altocumulus,0.2818,1.827,65.55,18.24,1019.14,0.5,5626.2
2026-07-25T04:00:00+00:00,BR,Brazil,-14.235,-51.9253,Tropical / Equatorial,24.97,Altocumulus,0.2119,4.723,60.44,19.04,1016.33,0.5,8170.2
2026-07-25T05:00:00+00:00,BR,Brazil,-14.235,-51.9253,Tropical / Equatorial,28.94,Altocumulus,0.1603,2.815,66.33,17.99,1014.08,0.5,5230.0
2026-07-25T06:00:00+00:00,BR,Brazil,-14.235,-51.9253,Tropical / Equatorial,25.19,Altocumulus,0.2236,2.877,57.57,20.44,1015.27,0.5,4928.5
2026-07-25T07:00:00+00:00,BR,Brazil,-14.235,-51.9253,Tropical / Equatorial,26.36,Cirrus,0.34,4.878,54.06,21.23,1017.96,0.5,5627.6
2026-07-25T08:00:00+00:00,BR,Brazil,-14.235,-51.9253,Tropical / Equatorial,7.68,Clear,0.1108,0.559,57.41,20.66,1020.27,0.5,0
2026-07-25T09:00:00+00:00,BR,Brazil,-14.235,-51.9253,Tropical / Equatorial,30.72,Cirrus,0.3405,3.543,46.72,20.75,1016.54,0.5,4960.0
2026-07-25T10:00:00+00:00,BR,Brazil,-14.235,-51.9253,Tropical / Equatorial,25.46,Cirrus,0.1862,3.772,53.64,25.52,1016.25,0.5,8610.1
2026-07-25T11:00:00+00:00,BR,Brazil,-14.235,-51.9253,Tropical / Equatorial,20.59,Cirrus,0.1583,1.929,56.97,23.29,1017.06,0.5,8532.5
2026-07-25T12:00:00+00:00,BR,Brazil,-14.235,-51.9253,Tropical / Equatorial,25.78,Cumulus,0.2245,5.256,49.65,22.99,1016.32,0.5,7263.4
2026-07-25T13:00:00+00:00,BR,Brazil,-14.235,-51.9253,Tropical / Equatorial,20.83,Cumulus,0.3533,1.838,51.99,24.12,1016.5,0.5,6603.3
2026-07-25T14:00:00+00:00,BR,Brazil,-14.235,-51.9253,Tropical / Equatorial,23.81,Cumulus,0.2204,5.233,49.29,21.29,1018.59,0.5,7629.8
2026-07-25T15:00:00+00:00,BR,Brazil,-14.235,-51.9253,Tropical / Equatorial,21.65,Cirrus,0.2956,1.146,54.94,24.7,1015.82,0.5,3980.6
2026-07-25T16:00:00+00:00,BR,Brazil,-14.235,-51.9253,Tropical / Equatorial,24.65,Cumulus,0.2891,3.559,57.69,20.77,1018.17,0.5,3774.8
2026-07-25T17:00:00+00:00,BR,Brazil,-14.235,-51.9253,Tropical / Equatorial,24.63,Cumulus,0.1895,5.927,54.68,21.04,1017.14,0.5,4971.4
2026-07-25T18:00:00+00:00,BR,Brazil,-14.235,-51.9253,Tropical / Equatorial,26.11,Altocumulus,0.3487,2.792,62.81,18.81,1017.85,0.5,7236.3
2026-07-25T19:00:00+00:00,BR,Brazil,-14.235,-51.9253,Tropical / Equatorial,31.87,Cumulus,0.2942,1.622,61.5,18.02,1015.49,0.5,8984.2
2026-07-25T20:00:00+00:00,BR,Brazil,-14.235,-51.9253,Tropical / Equatorial,23.52,Cumulus,0.3447,1.544,62.77,16.22,1015.57,0.5,4729.7
2026-07-25T21:00:00+00:00,BR,Brazil,-14.235,-51.9253,Tropical / Equatorial,33.47,Cumulus,0.2825,5.64,62.78,16.49,1018.66,0.5,7609.0
2026-07-25T22:00:00+00:00,BR,Brazil,-14.235,-51.9253,Tropical / Equatorial,33.83,Cumulus,0.1534,3.625,65.0,14.65,1013.23,0.5,4228.3
2026-07-25T23:00:00+00:00,BR,Brazil,-14.235,-51.9253,Tropical / Equatorial,42.44,Cumulus,0.2602,2.081,63.91,17.35,1014.41,0.5,3721.4
2026-07-26T00:00:00+00:00,BR,Brazil,-14.235,-51.9253,Tropical / Equatorial,27.1,Altocumulus,0.3597,2.237,64.5,13.25,1013.39,0.5,5608.1
2026-07-26T01:00:00+00:00,BR,Brazil,-14.235,-51.9253,Tropical / Equatorial,42.12,Cumulus,0.1796,3.195,68.62,13.88,1015.16,0.5,6061.1
2026-07-26T02:00:00+00:00,BR,Brazil,-14.235,-51.9253,Tropical / Equatorial,37.35,Cumulus,0.3773,5.679,64.02,16.06,1020.24,0.5,4416.7
2026-07-26T03:00:00+00:00,BR,Brazil,-14.235,-51.9253,Tropical / Equatorial,40.82,Altocumulus,0.3606,1.564,65.14,15.47,1015.91,0.5,8801.8
2026-07-26T04:00:00+00:00,BR,Brazil,-14.235,-51.9253,Tropical / Equatorial,46.31,Altocumulus,0.334,4.398,68.31,18.11,1015.38,0.5,3928.3
2026-07-26T05:00:00+00:00,BR,Brazil,-14.235,-51.9253,Tropical / Equatorial,40.29,Cumulus,0.3311,1.27,61.11,20.27,1015.36,0.5,8254.1
2026-07-26T06:00:00+00:00,BR,Brazil,-14.235,-51.9253,Tropical / Equatorial,45.51,Cirrus,0.1619,2.668,56.74,19.07,1012.82,0.5,7741.3
2026-07-26T07:00:00+00:00,BR,Brazil,-14.235,-51.9253,Tropical / Equatorial,41.62,Cirrus,0.2287,3.884,54.99,20.87,1012.76,0.5,7775.0
2026-07-26T08:00:00+00:00,BR,Brazil,-14.235,-51.9253,Tropical / Equatorial,49.88,Cumulus,0.3322,2.007,54.39,18.57,1011.79,0.5,8718.7
2026-07-26T09:00:00+00:00,BR,Brazil,-14.235,-51.9253,Tropical / Equatorial,46.75,Altocumulus,0.2849,1.75,54.08,25.76,1014.27,0.5,4367.1
2026-07-26T10:00:00+00:00,BR,Brazil,-14.235,-51.9253,Tropical / Equatorial,51.64,Cumulus,0.3932,8.444,52.6,24.81,1012.25,0.5,2197.4
2026-07-26T11:00:00+00:00,BR,Brazil,-14.235,-51.9253,Tropical / Equatorial,58.21,Altocumulus,0.5108,16.215,51.08,26.61,1014.65,0.5,1218.7
2026-07-26T12:00:00+00:00,BR,Brazil,-14.235,-51.9253,Tropical / Equatorial,52.05,Stratocumulus,0.4994,5.711,55.19,26.23,1014.68,0.5,2078.6
2026-07-26T13:00:00+00:00,BR,Brazil,-14.235,-51.9253,Tropical / Equatorial,54.65,Altocumulus,0.6272,10.603,55.45,22.37,1011.95,0.5,1274.1
2026-07-26T14:00:00+00:00,BR,Brazil,-14.235,-51.9253,Tropical / Equatorial,59.72,Altocumulus,0.4198,9.631,49.83,24.56,1012.78,0.5,1400.3
2026-07-26T15:00:00+00:00,BR,Brazil,-14.235,-51.9253,Tropical / Equatorial,53.15,Altocumulus,0.4278,16.613,54.12,23.41,1011.37,0.5,2145.6
2026-07-26T16:00:00+00:00,BR,Brazil,-14.235,-51.9253,Tropical / Equatorial,56.47,Stratocumulus,0.4075,9.748,55.55,23.32,1014.54,0.5,1731.0
2026-07-26T17:00:00+00:00,BR,Brazil,-14.235,-51.9253,Tropical / Equatorial,57.85,Altocumulus,0.6492,16.786,59.42,20.52,1009.16,0.5,1214.4
2026-07-26T18:00:00+00:00,BR,Brazil,-14.235,-51.9253,Tropical / Equatorial,64.61,Altocumulus,0.4949,17.773,61.56,16.86,1011.81,0.5,2900.1
2026-07-26T19:00:00+00:00,BR,Brazil,-14.235,-51.9253,Tropical / Equatorial,57.45,Altocumulus,0.5751,8.326,59.65,18.91,1009.89,0.5,1741.4
2026-07-26T20:00:00+00:00,BR,Brazil,-14.235,-51.9253,Tropical / Equatorial,58.42,Cumulus,0.4304,12.311,62.25,18.29,1011.4,0.5,2477.0
2026-07-26T21:00:00+00:00,BR,Brazil,-14.235,-51.9253,Tropical / Equatorial,58.77,Altocumulus,0.5084,5.246,67.72,16.51,1015.39,0.5,1967.0
2026-07-26T22:00:00+00:00,BR,Brazil,-14.235,-51.9253,Tropical / Equatorial,57.08,Stratocumulus,0.5032,14.101,64.35,16.19,1012.75,0.5,1745.6
2026-07-26T23:00:00+00:00,BR,Brazil,-14.235,-51.9253,Tropical / Equatorial,63.65,Cumulus,0.4166,15.885,67.21,13.72,1012.01,0.5,1702.5
2026-07-27T00:00:00+00:00,BR,Brazil,-14.235,-51.9253,Tropical / Equatorial,52.9,Cumulus,0.6474,7.955,65.83,14.09,1012.97,0.5,2132.5
2026-07-27T01:00:00+00:00,BR,Brazil,-14.235,-51.9253,Tropical / Equatorial,62.49,Altocumulus,0.5934,9.836,67.3,14.32,1010.01,0.5,1992.6
2026-07-27T02:00:00+00:00,BR,Brazil,-14.235,-51.9253,Tropical / Equatorial,47.78,Cirrus,0.3425,2.664,68.99,15.57,1012.06,0.5,5017.5
2026-07-27T03:00:00+00:00,BR,Brazil,-14.235,-51.9253,Tropical / Equatorial,72.32,Cumulus,0.351,13.596,59.95,17.16,1007.86,0.5,1525.5
2026-07-27T04:00:00+00:00,BR,Brazil,-14.235,-51.9253,Tropical / Equatorial,67.18,Cumulus,0.587,12.056,55.01,17.66,1010.34,0.5,2731.6
2026-07-27T05:00:00+00:00,BR,Brazil,-14.235,-51.9253,Tropical / Equatorial,58.84,Cumulus,0.538,15.264,61.98,17.09,1010.15,0.5,2622.8
2026-07-27T06:00:00+00:00,BR,Brazil,-14.235,-51.9253,Tropical / Equatorial,58.82,Stratocumulus,0.5812,9.896,60.49,19.5,1009.37,0.5,2951.0
2026-07-27T07:00:00+00:00,BR,Brazil,-14.235,-51.9253,Tropical / Equatorial,60.43,Cumulus,0.5088,7.321,54.2,21.27,1009.6,0.5,1592.1
2026-07-27T08:00:00+00:00,BR,Brazil,-14.235,-51.9253,Tropical / Equatorial,61.87,Cumulus,0.3726,14.697,51.28,22.05,1013.25,0.5,1419.3
2026-07-27T09:00:00+00:00,BR,Brazil,-14.235,-51.9253,Tropical / Equatorial,61.4,Cumulus,0.4212,14.537,51.93,23.23,1010.33,0.5,2510.2
2026-07-27T10:00:00+00:00,BR,Brazil,-14.235,-51.9253,Tropical / Equatorial,54.46,Stratocumulus,0.3711,10.422,53.85,24.41,1011.38,0.5,1821.0
2026-07-27T11:00:00+00:00,BR,Brazil,-14.235,-51.9253,Tropical / Equatorial,54.9,Stratocumulus,0.5906,7.829,51.0,26.2,1011.44,0.5,2142.0
2026-07-27T12:00:00+00:00,BR,Brazil,-14.235,-51.9253,Tropical / Equatorial,55.19,Cumulus,0.5561,7.178,51.28,25.92,1011.33,0.5,1368.4
2026-07-27T13:00:00+00:00,BR,Brazil,-14.235,-51.9253,Tropical / Equatorial,51.02,Stratocumulus,0.6113,11.257,53.72,25.48,1012.22,0.5,1790.9
2026-07-27T14:00:00+00:00,BR,Brazil,-14.235,-51.9253,Tropical / Equatorial,59.32,Cumulus,0.53,13.036,49.4,23.19,1013.15,0.5,1852.7
2026-07-27T15:00:00+00:00,BR,Brazil,-14.235,-51.9253,Tropical / Equatorial,46.0,Cirrus,0.2334,3.951,56.65,21.27,1014.4,0.5,7695.5
2026-07-27T16:00:00+00:00,BR,Brazil,-14.235,-51.9253,Tropical / Equatorial,55.78,Altocumulus,0.4227,10.76,59.07,21.23,1011.36,0.5,2028.3
2026-07-27T17:00:00+00:00,BR,Brazil,-14.235,-51.9253,Tropical / Equatorial,50.33,Altocumulus,0.5157,5.247,54.58,20.51,1012.82,0.5,2799.3
2026-07-27T18:00:00+00:00,BR,Brazil,-14.235,-51.9253,Tropical / Equatorial,41.58,Cumulus,0.2336,3.38,59.62,19.26,1016.09,0.5,3844.6
2026-07-27T19:00:00+00:00,BR,Brazil,-14.235,-51.9253,Tropical / Equatorial,51.89,Altocumulus,0.4136,7.188,63.76,18.8,1012.41,0.5,1043.7
2026-07-27T20:00:00+00:00,BR,Brazil,-14.235,-51.9253,Tropical / Equatorial,53.75,Cumulus,0.4539,13.319,65.24,18.49,1013.63,0.5,2781.1
2026-07-27T21:00:00+00:00,BR,Brazil,-14.235,-51.9253,Tropical / Equatorial,41.09,Cirrus,0.1576,2.457,65.43,16.69,1013.02,0.5,4431.9
2026-07-27T22:00:00+00:00,BR,Brazil,-14.235,-51.9253,Tropical / Equatorial,46.93,Altocumulus,0.188,2.702,67.87,12.65,1015.14,0.5,5753.2
2026-07-27T23:00:00+00:00,BR,Brazil,-14.235,-51.9253,Tropical / Equatorial,41.44,Altocumulus,0.3549,5.7,63.96,14.9,1016.63,0.5,4107.1
2026-07-28T00:00:00+00:00,BR,Brazil,-14.235,-51.9253,Tropical / Equatorial,42.94,Cumulus,0.1882,5.1,71.63,14.5,1015.98,0.5,8082.6
2026-07-28T01:00:00+00:00,BR,Brazil,-14.235,-51.9253,Tropical / Equatorial,49.78,Cumulus,0.2566,5.944,73.65,14.4,1011.46,0.5,4198.5
2026-07-28T02:00:00+00:00,BR,Brazil,-14.235,-51.9253,Tropical / Equatorial,47.79,Cumulus,0.2542,4.796,62.18,16.54,1010.73,0.5,8522.9
2026-07-28T03:00:00+00:00,BR,Brazil,-14.235,-51.9253,Tropical / Equatorial,43.84,Cirrus,0.2402,2.158,66.6,18.11,1013.98,0.5,6632.0
2026-07-28T04:00:00+00:00,BR,Brazil,-14.235,-51.9253,Tropical / Equatorial,35.31,Altocumulus,0.2122,3.022,64.02,18.92,1013.16,0.5,7159.1
2026-07-28T05:00:00+00:00,BR,Brazil,-14.235,-51.9253,Tropical / Equatorial,43.81,Cirrus,0.1738,3.21,63.66,18.0,1017.78,0.5,5059.8
2026-07-28T06:00:00+00:00,BR,Brazil,-14.235,-51.9253,Tropical / Equatorial,31.73,Altocumulus,0.2957,2.458,64.53,19.23,1016.68,0.5,4001.7
2026-07-28T07:00:00+00:00,BR,Brazil,-14.235,-51.9253,Tropical / Equatorial,44.46,Cirrus,0.1546,4.1,58.06,19.42,1013.79,0.5,3765.8
2026-07-28T08:00:00+00:00,BR,Brazil,-14.235,-51.9253,Tropical / Equatorial,39.21,Cumulus,0.2872,3.547,54.27,22.85,1013.5,0.5,6725.7
2026-07-28T09:00:00+00:00,BR,Brazil,-14.235,-51.9253,Tropical / Equatorial,36.53,Cirrus,0.3159,3.201,57.36,24.34,1015.32,0.5,4569.4
2026-07-28T10:00:00+00:00,BR,Brazil,-14.235,-51.9253,Tropical / Equatorial,37.61,Cumulus,0.2693,4.121,54.32,23.9,1016.39,0.5,6322.9
2026-07-28T11:00:00+00:00,BR,Brazil,-14.235,-51.9253,Tropical / Equatorial,36.21,Altocumulus,0.2979,2.276,48.88,24.3,1013.51,0.5,5957.4
2026-07-28T12:00:00+00:00,BR,Brazil,-14.235,-51.9253,Tropical / Equatorial,40.47,Altocumulus,0.2108,3.661,56.66,24.5,1011.09,0.5,4132.8
2026-07-28T13:00:00+00:00,BR,Brazil,-14.235,-51.9253,Tropical / Equatorial,40.65,Cumulus,0.3622,1.353,47.31,24.94,1013.85,0.5,6521.4
2026-07-28T14:00:00+00:00,BR,Brazil,-14.235,-51.9253,Tropical / Equatorial,22.46,Altocumulus,0.349,3.846,52.73,25.18,1016.4,0.5,7192.0
2026-07-28T15:00:00+00:00,BR,Brazil,-14.235,-51.9253,Tropical / Equatorial,38.91,Altocumulus,0.3619,5.632,54.5,22.91,1015.94,0.5,8508.2
2026-07-28T16:00:00+00:00,BR,Brazil,-14.235,-51.9253,Tropical / Equatorial,32.42,Altocumulus,0.375,3.031,55.58,21.51,1017.12,0.5,7720.0
2026-07-28T17:00:00+00:00,BR,Brazil,-14.235,-51.9253,Tropical / Equatorial,40.03,Cirrus,0.3586,3.711,60.69,19.52,1015.54,0.5,8219.2
2026-07-28T18:00:00+00:00,BR,Brazil,-14.235,-51.9253,Tropical / Equatorial,46.02,Altocumulus,0.3425,5.384,55.89,20.79,1014.98,0.5,7807.1
2026-07-28T19:00:00+00:00,BR,Brazil,-14.235,-51.9253,Tropical / Equatorial,40.62,Altocumulus,0.3297,4.401,63.58,17.82,1014.12,0.5,4787.6
2026-07-28T20:00:00+00:00,BR,Brazil,-14.235,-51.9253,Tropical / Equatorial,41.61,Altocumulus,0.2297,2.47,61.12,17.33,1015.06,0.5,6176.7
2026-07-28T21:00:00+00:00,BR,Brazil,-14.235,-51.9253,Tropical / Equatorial,38.63,Cumulus,0.2522,5.585,67.6,16.46,1015.22,0.5,7789.5
2026-07-28T22:00:00+00:00,BR,Brazil,-14.235,-51.9253,Tropical / Equatorial,54.82,Stratocumulus,0.5191,12.051,66.01,15.76,1011.89,0.5,2167.1
2026-07-28T23:00:00+00:00,BR,Brazil,-14.235,-51.9253,Tropical / Equatorial,43.75,Altocumulus,0.3547,2.917,71.64,14.54,1014.44,0.5,6500.5
2026-07-29T00:00:00+00:00,BR,Brazil,-14.235,-51.9253,Tropical / Equatorial,46.25,Cirrus,0.1728,3.226,59.98,16.02,1014.5,0.5,5631.5
2026-07-29T01:00:00+00:00,BR,Brazil,-14.235,-51.9253,Tropical / Equatorial,42.71,Cumulus,0.2547,3.818,64.83,12.14,1015.3,0.5,6812.8
2026-07-29T02:00:00+00:00,BR,Brazil,-14.235,-51.9253,Tropical / Equatorial,52.33,Cumulus,0.6452,10.906,67.1,17.99,1009.27,0.5,1422.5
2026-07-29T03:00:00+00:00,BR,Brazil,-14.235,-51.9253,Tropical / Equatorial,52.99,Altocumulus,0.418,7.764,68.49,17.84,1015.03,0.5,2094.5
2026-07-29T04:00:00+00:00,BR,Brazil,-14.235,-51.9253,Tropical / Equatorial,54.96,Altocumulus,0.3633,9.908,60.11,14.97,1012.09,0.5,2850.8
2026-07-29T05:00:00+00:00,BR,Brazil,-14.235,-51.9253,Tropical / Equatorial,58.53,Altocumulus,0.5948,10.81,66.36,18.0,1010.88,0.5,1461.6
2026-07-29T06:00:00+00:00,BR,Brazil,-14.235,-51.9253,Tropical / Equatorial,57.19,Cumulus,0.6405,11.727,61.79,21.25,1013.1,0.5,1933.7
2026-07-29T07:00:00+00:00,BR,Brazil,-14.235,-51.9253,Tropical / Equatorial,52.76,Altocumulus,0.5339,6.102,61.52,20.46,1012.46,0.5,2287.7
2026-07-29T08:00:00+00:00,BR,Brazil,-14.235,-51.9253,Tropical / Equatorial,58.0,Stratocumulus,0.4045,9.814,62.08,23.76,1013.31,0.5,1034.8
2026-07-29T09:00:00+00:00,BR,Brazil,-14.235,-51.9253,Tropical / Equatorial,62.34,Altocumulus,0.4542,13.701,56.79,23.31,1012.17,0.5,1322.0
2026-07-29T10:00:00+00:00,BR,Brazil,-14.235,-51.9253,Tropical / Equatorial,55.07,Altocumulus,0.3632,16.521,54.5,23.89,1016.08,0.5,2555.7
2026-07-29T11:00:00+00:00,BR,Brazil,-14.235,-51.9253,Tropical / Equatorial,61.94,Cumulus,0.6177,5.15,55.11,24.48,1008.27,0.5,2184.8
2026-07-29T12:00:00+00:00,BR,Brazil,-14.235,-51.9253,Tropical / Equatorial,63.01,Cumulus,0.4681,12.031,54.86,23.39,1011.46,0.5,1798.9
2026-07-29T13:00:00+00:00,BR,Brazil,-14.235,-51.9253,Tropical / Equatorial,65.03,Stratocumulus,0.5507,16.317,47.83,24.99,1014.71,0.5,1606.0
2026-07-29T14:00:00+00:00,BR,Brazil,-14.235,-51.9253,Tropical / Equatorial,65.91,Altocumulus,0.4323,13.223,55.27,24.14,1010.5,0.5,2097.8
2026-07-29T15:00:00+00:00,BR,Brazil,-14.235,-51.9253,Tropical / Equatorial,62.25,Cumulus,0.5214,6.639,57.07,22.79,1010.22,0.5,2579.2
2026-07-29T16:00:00+00:00,BR,Brazil,-14.235,-51.9253,Tropical / Equatorial,66.27,Stratocumulus,0.6105,17.359,57.12,20.0,1010.69,0.5,1679.1
2026-07-29T17:00:00+00:00,BR,Brazil,-14.235,-51.9253,Tropical / Equatorial,66.45,Altocumulus,0.5012,6.112,54.45,17.69,1011.77,0.5,2558.3
2026-07-29T18:00:00+00:00,BR,Brazil,-14.235,-51.9253,Tropical / Equatorial,75.09,Altocumulus,0.6221,15.83,58.43,18.48,1008.93,0.5,2087.6
2026-07-29T19:00:00+00:00,BR,Brazil,-14.235,-51.9253,Tropical / Equatorial,62.7,Altocumulus,0.4944,15.241,57.37,19.29,1012.14,0.5,2986.4
2026-07-29T20:00:00+00:00,BR,Brazil,-14.235,-51.9253,Tropical / Equatorial,60.81,Stratocumulus,0.5346,8.463,63.73,16.55,1009.68,0.5,2053.3
2026-07-29T21:00:00+00:00,BR,Brazil,-14.235,-51.9253,Tropical / Equatorial,72.2,Stratocumulus,0.588,13.938,68.77,16.15,1011.54,0.5,1197.7
2026-07-29T22:00:00+00:00,BR,Brazil,-14.235,-51.9253,Tropical / Equatorial,70.69,Cumulus,0.3529,15.713,73.4,16.68,1010.81,0.5,2809.5
2026-07-29T23:00:00+00:00,BR,Brazil,-14.235,-51.9253,Tropical / Equatorial,71.52,Altocumulus,0.4964,10.513,68.82,14.0,1012.39,0.5,1692.1
2026-07-30T00:00:00+00:00,BR,Brazil,-14.235,-51.9253,Tropical / Equatorial,74.01,Cumulus,0.5115,15.911,66.99,13.8,1008.72,0.5,1348.1
2026-07-30T01:00:00+00:00,BR,Brazil,-14.235,-51.9253,Tropical / Equatorial,66.19,Altocumulus,0.5347,12.85,64.51,13.67,1011.26,0.5,1511.4
2026-07-30T02:00:00+00:00,BR,Brazil,-14.235,-51.9253,Tropical / Equatorial,67.58,Altocumulus,0.4397,14.077,67.49,15.46,1012.18,0.5,1711.0
2026-07-30T03:00:00+00:00,BR,Brazil,-14.235,-51.9253,Tropical / Equatorial,65.42,Stratocumulus,0.5149,8.66,67.85,16.09,1009.37,0.5,2138.4
2026-07-30T04:00:00+00:00,BR,Brazil,-14.235,-51.9253,Tropical / Equatorial,73.7,Stratocumulus,0.6292,9.21,62.07,14.71,1008.87,0.5,2748.0
2026-07-30T05:00:00+00:00,BR,Brazil,-14.235,-51.9253,Tropical / Equatorial,77.08,Stratocumulus,0.3855,8.452,61.97,16.18,1010.95,0.5,2581.3
2026-07-30T06:00:00+00:00,BR,Brazil,-14.235,-51.9253,Tropical / Equatorial,65.33,Altocumulus,0.3746,9.544,58.97,18.71,1013.09,0.5,1291.6
2026-07-30T07:00:00+00:00,BR,Brazil,-14.235,-51.9253,Tropical / Equatorial,65.25,Altocumulus,0.4492,6.367,61.11,19.19,1013.11,0.5,2143.0
2026-07-30T08:00:00+00:00,BR,Brazil,-14.235,-51.9253,Tropical / Equatorial,66.44,Stratocumulus,0.3757,8.805,55.04,22.48,1010.82,0.5,1627.3
2026-07-30T09:00:00+00:00,BR,Brazil,-14.235,-51.9253,Tropical / Equatorial,59.9,Stratocumulus,0.6238,8.129,50.17,23.12,1011.87,0.5,2394.5
2026-07-30T10:00:00+00:00,BR,Brazil,-14.235,-51.9253,Tropical / Equatorial,68.65,Stratocumulus,0.5246,9.149,55.18,26.02,1011.6,0.5,2905.9
2026-07-30T11:00:00+00:00,BR,Brazil,-14.235,-51.9253,Tropical / Equatorial,53.18,Cumulus,0.5523,10.842,50.67,23.46,1012.36,0.5,2749.9
2026-07-30T12:00:00+00:00,BR,Brazil,-14.235,-51.9253,Tropical / Equatorial,66.27,Cumulus,0.5016,6.607,49.43,23.65,1012.33,0.5,1802.1
2026-07-30T13:00:00+00:00,BR,Brazil,-14.235,-51.9253,Tropical / Equatorial,60.41,Stratocumulus,0.5017,15.344,51.51,24.24,1011.27,0.5,2409.2
2026-07-30T14:00:00+00:00,BR,Brazil,-14.235,-51.9253,Tropical / Equatorial,55.33,Stratocumulus,0.5451,14.939,48.68,21.98,1011.83,0.5,1082.9
2026-07-30T15:00:00+00:00,BR,Brazil,-14.235,-51.9253,Tropical / Equatorial,57.51,Stratocumulus,0.5601,5.047,58.16,22.36,1008.14,0.5,1719.9
2026-07-30T16:00:00+00:00,BR,Brazil,-14.235,-51.9253,Tropical / Equatorial,56.23,Altocumulus,0.5883,7.094,57.81,23.04,1011.57,0.5,1325.0
2026-07-30T17:00:00+00:00,BR,Brazil,-14.235,-51.9253,Tropical / Equatorial,53.5,Altocumulus,0.5991,13.746,59.92,20.81,1011.9,0.5,2296.4
2026-07-30T18:00:00+00:00,BR,Brazil,-14.235,-51.9253,Tropical / Equatorial,57.23,Stratocumulus,0.5582,11.986,66.81,20.29,1010.93,0.5,2678.1
2026-07-30T19:00:00+00:00,BR,Brazil,-14.235,-51.9253,Tropical / Equatorial,49.37,Cumulus,0.3499,4.302,63.03,19.28,1013.51,0.5,7174.4
2026-07-30T20:00:00+00:00,BR,Brazil,-14.235,-51.9253,Tropical / Equatorial,48.13,Cirrus,0.2831,1.19,61.39,17.41,1011.2,0.5,6799.8
2026-07-30T21:00:00+00:00,BR,Brazil,-14.235,-51.9253,Tropical / Equatorial,43.63,Cirrus,0.3422,2.919,61.43,15.29,1013.11,0.5,5723.8
2026-07-30T22:00:00+00:00,BR,Brazil,-14.235,-51.9253,Tropical / Equatorial,40.72,Cirrus,0.3651,5.601,67.44,14.33,1014.88,0.5,6274.2
2026-07-30T23:00:00+00:00,BR,Brazil,-14.235,-51.9253,Tropical / Equatorial,39.39,Cumulus,0.3082,5.493,66.12,15.9,1015.02,0.5,6256.4
